Id.-No.;Name;Vorname;Lebensdaten
P00001;Abaelard;Peter;
P00002;Abe;Masao;1915-2006
P00003;Abel;;
P00004;Abraham;;
P00005;Abusch;Alexander;
P00006;Acontius;Jacobus;
P00007;Adam;;
P00008;Adams;James Luther;1901-1994
P00009;Adenauer;Konrad;
P00010;Adler;Ada;1878-1946
P00011;Adler;Alfred;
P00012;Adler;Max;
P00013;Adler;Bruno;1888-1968
P00014;Adonis;;
P00015;Adorno;Theodor W.;1903-1969
P00016;Adriani;Bruno;1881-1971
P00017;Aegidius Romanus;;
P00018;Agricola;Gnaeus Iulius;
P00019;Ahlborn;Knud;
P00020;Aiken;Newton;
P00021;Ainesidemos;;
P00022;Al-Ghazali;Abu Hamid;
P00023;Al-Halladsch;Hussein;
P00024;Al-kindi;;
P00025;Alanus de Insulis;;
P00026;Alarich;;
P00027;Albert von Sachsen;;
P00028;Albertus Magnus;;
P00029;Albrecht;Renate;
P00030;Alcuin;;
P00031;Alexander;Mary D.;
P00032;Alexander der Große;;
P00033;Alexander Neckham;;
P00034;Alexander von Aphrodisias;;
P00035;Alexander von Hales;;
P00036;Alexejew;Nikolai Nikolajewitsch ;1879-1964
P00037;Alfredus Anglicus;;
P00038;Ali;;
P00039;Alkibiades;;
P00040;Alkmaion;;
P00041;Allwohn;Adolf;
P00042;Althaus;Paul;
P00043;Althusius;Johannes;
P00044;Amalrich von Bena;;
P00045;Amelung;Eberhard;1926-2008
P00046;Amenophis I.;;
P00047;Ammonios Sakkas;;
P00048;Amon-Ra;;
P00049;Amos;;
P00050;Amsdorf;Nikolaus von;
P00051;Amyraut;Moyse;
P00052;Anaxagoras;;
P00053;Anaximander;;
P00054;Anaximenes;;
P00055;Anders (geb. Stern);Günther;1902-1992
P00056;Andersen;Betty H.;
P00057;Angell;Thomas S.;
P00058;Angell;Norman;
P00059;Angelus Silesius;;
P00060;Anselm von Canterbury;;
P00061;Anselm von Laon;;
P00062;Anshen;Ruth Nanda;1900-2003
P00063;Anspach;Ernst;
P00064;Antiochos von Askalon;;
P00065;Antiochus IV. Epiphanes;;
P00066;Antisthenes;;
P00067;Apelt;Otto;
P00068;Apollinaris von Laodicea;;
P00069;Apollo;;
P00070;Apollonios von Tyana;;
P00071;Apollos;;
P00072;Appelius;Hildegard;
P00073;Apuleius;;
P00074;Archytas;;
P00075;Arendt;Hannah;1906-1975
P00076;Aretaeus;;
P00077;Aristarch von Samos;;
P00078;Aristides;;
P00079;Aristipp von Kyrene;;
P00080;Aristoteles;;
P00081;Arius;;
P00082;Arkesilaos;;
P00083;Arminius;Jakob;
P00084;Arndt;Johann;
P00085;Arnim;Hans von;
P00086;Arnobius;;
P00087;Arnold;John C.;
P00088;Arnold;Melvin;
P00089;Arnold;Eberhard;
P00090;Arnold;Gottfried;
P00091;Arnold;Melwin;
P00092;Asclepius;;
P00093;Asmussen;Hans Christian;
P00094;Asselin;Paul;
P00095;Athanasius;;
P00096;Athenagoras;;
P00097;Atkinson;Henry;
P00098;Auden;Wystan Hugh;
P00099;Auersperg;Hilda;1895-1981
P00100;Augustinus;;
P00101;Augustinus Triumphus;;
P00102;Augustus;;
P00103;Avempace;;
P00104;Avencebrol;;
P00105;Baader;Franz von;
P00106;Bab;Julius;1880-1955
P00107;Bach;Johann Sebastian;
P00108;Bachofen;Johann Jakob;
P00109;Backhaus;Alwin;1867-
P00110;Bacon;Francis;
P00111;Bacon;Roger;
P00112;Baden;Hans Jürgen;1911-1986
P00113;Bader;Claudia;1900–1974
P00114;Badoglio;Sofia;1900-1974
P00115;Baerensprung;Horst Wolfgang;1893-1952
P00116;Baerensprung;Käthe;
P00117;Baerwald;Eduard;1876-1934
P00118;Baeumker;Clemens;
P00119;Bahr;Egon;1922-2015
P00120;Bahrdt;Karl Friedrich;
P00121;Bailey;David Algar;
P00122;Baillie;John;1886-1960
P00123;Bainton;Roland;1894-1984
P00124;Baker;Mrs.;
P00125;Bakunin;Michael;
P00126;Baldensperger;Wilhelm;
P00127;Balivo;Alice;
P00128;Balke;Hans;1886-1980
P00129;Balla;E.;
P00130;Banning;Willem;1888-1971
P00131;Banzhaf;Friedrich;
P00132;Barbusse;Henri;
P00133;Baring;Nina;1899-1972
P00134;Barnabas;;
P00135;Barry;Frank Russell ;1890-1976
P00136;Barth;Adelard von;
P00137;Barth;Karl;1886-1968
P00138;Barth;Markus;1915-1994
P00139;Barth;Käte;
P00140;Barth;Nelly;
P00141;Barth;Heinrich;
P00142;Bartocci;Peter A.;
P00143;Baruch;;
P00144;Bäschlin;Franz;1906-1975
P00145;Basedow;Frl.;
P00146;Basilius der Große;;
P00147;Battenhouse;Henry Martin;1885-1960
P00148;Baudelaire;Charles;
P00149;Bauer;Fritz Joachim;
P00150;Bauer;Bruno;
P00151;Bauer;Otto;
P00152;Bauer;Max;1887-1973
P00153;Baumgardt;David;1890-1961
P00154;Baumgarten;Helene;1897-1975
P00155;Baumgarten;Alexander Gottlieb;
P00156;Baumgarten;Arthur;1884-1966
P00157;Baumgartner;Matthias;
P00158;Bäumler;Alfred;
P00159;Baur;Ferdinand Christian;
P00160;Baur;Ludwig;
P00161;Bayle;Pierre;
P00162;Bayne, Jr. ;Stephen F.;1908-1974
P00163;Bazard;Saint-Armand;
P00164;Bea;Augustin;
P00165;Beattie;James;
P00166;Beaucour;Elena;
P00167;Becher;Johannes Robert;
P00168;Beck;Maximilian;
P00169;Becker;Carl Heinrich;1876-1933
P00170;Becker;Heinrich;1891-1971
P00171;Beckh;Hermann;
P00172;Beckmann;Max;
P00173;Beethoven;Ludwig van;
P00174;Behrmann;Hildegard;
P00175;Behrmann;Max;1899-1985
P00176;Bekker;Balthasar;
P00177;Bendemann;Margarete von ;1872-1966
P00178;Bendix;Ludwig;1877-1954
P00179;Beneke;Eduard;
P00180;Bengel;Johann Albrecht;
P00181;Benjamin;Walter;1892-1940
P00182;Benn;Gottfried;
P00183;Benn;William Wedgwood ;1877-1960
P00184;Bensimon;Madeleine;
P00185;Bentham;Jeremy;
P00186;Bentz;Erna;
P00187;Benz;Ernst;1907-1978
P00188;Berdjajew;Nikolai;1874-1948
P00189;Berger;Charles Edward;
P00190;Berger;Geza;
P00191;Berger;Ida;geb. 1910
P00192;Bergmann;Ernst;
P00193;Bergson;Henri;
P00194;Bergsträsser;Arnold;
P00195;Bergsträsser;Ludwig;
P00196;Berkeley;George;
P00197;Berlepsch;;
P00198;Bernfeld;Siegfried;
P00199;Bernhard von Chartres;;
P00200;Bernhard von Clairvaux;;
P00201;Bernheim;Hippolyte;
P00202;Bernoulli;Carl Albrecht;
P00203;Bertheau;Lorenz;1886-1968
P00204;Bertheau;Johannes;1883?-1916
P00205;Bertheau;Lorenz;
P00206;Bertholet;Alfred;
P00207;Bertram;Ernst;
P00208;Bertram;Georg;
P00209;Bethmann Hollweg;Theobald von;
P00210;Bewer;Julius August;
P00211;Beyer;Hermann Wolfgang;
P00212;Beyer;Oscar;
P00213;Beza;Theodor;
P00214;Bieber;Lucie ;
P00215;Bieber ;Hugo;1883-1950
P00216;Biedermann;Alois Emanuel;
P00217;Bienert;Ida;1870-1965
P00218;Bienert;Erwin;
P00219;Billström;Jacob;
P00220;Binder;Hermine;
P00221;Binding;Rudolf G.;1867-1938
P00222;Bing;Gertrud ;1892-1964
P00223;Birmelé;Henri;1885-1970
P00224;Bismarck;Otto von;
P00225;Bizer;Ernst;1904-1975
P00226;Blanshard;Brand;
P00227;Blech;George;
P00228;Bloch;Ernst;1885-1977
P00229;Blondel;David;
P00230;Blüher;Hans;
P00231;Blum;Emil;1894-1978
P00232;Blumenstock;Konrad;
P00233;Blumhardt;Johann Christoph;
P00234;Bluntschli;Hans Hermann G.;
P00235;Boas;Franz;
P00236;Bock;Frau v.;
P00237;Böcking;M.H.;
P00238;Bode;Heinrich L.;
P00239;Bodelschwingh;Friedrich von;
P00240;Bodin;Jean;
P00241;Boehme;Wolfgang;1919-2010
P00242;Boëthius;;
P00243;Böhme;Jakob;
P00244;Boleyn;Anne;
P00245;Bolingbroke;Henry St. John;
P00246;Boller;Salome;
P00247;Bölsche;Wilhelm;
P00248;Bolzano;Bernard;
P00249;Bonaventura;;
P00250;Bonhoeffer;Dietrich;
P00251;Bonifaz VIII.;;
P00252;Bonin;Henning von;1856-1923
P00253;Bonin;Wilhelm von;
P00254;Bonnet;Charles;
P00255;Borgia;Cesare;
P00256;Borinski;Fritz;
P00257;Bormann;Martin;
P00258;Bornhäuser;Karl;
P00259;Bornkamm;Heinrich;
P00260;Borton;Hugh;
P00261;Bosch;Hieronymus;
P00262;Boskovich;Roger;
P00263;Botticelli;Sandro;
P00264;Bousset;Wilhelm;
P00265;Boutroux;Émile;
P00266;Boyer;Edna D.;
P00267;Boyle;Robert;
P00268;Bradley;Francis Herbert;
P00269;Bradnum;Anna;1910-1988
P00270;Brandes;Friedrich;
P00271;Brändström;Elsa;
P00272;Braque;Georges;
P00273;Brasseur;;
P00274;Brauer;Jerald C.;1921-1999
P00275;Brauer;Jerald;
P00276;Braun;Theodor;
P00277;Braun-Vogelstein;Julie;
P00278;Braune;Walther;
P00279;Braune;Wilhelm;
P00280;Brecht;Arnold;1884-1977
P00281;Brecht;Bertold;1898-1956
P00282;Breitscheid;Rudolf;
P00283;Brentano;Franz;
P00284;Brenz;Johannes;
P00285;Bretschneider;Karl Gottlieb;
P00286;Brewster;Joan Ryerson;
P00287;Breysig;Kurt;
P00288;Brightman;Edgar S.;
P00289;Brill;Hans Klaus ;
P00290;Brooks;Cleanth;1906-1994
P00291;Brown;Robert McAfee;1920-2001
P00292;Brown;Thomas;
P00293;Browns;William Adam;
P00294;Bruckberger;Raymond Léopold;1907-1998
P00295;Brueghel;Pieter;
P00296;Bruhn;Wilhelm;
P00297;Brundage;"Myron Reed ""Slim""";1903-1990
P00298;Brüning;Heinrich;1885-1970
P00299;Brüning, Heinrich;;
P00300;Brunner;Emil;1889-1966
P00301;Brunner;Peter;
P00302;Bruno;Giordano;
P00303;Brunstäd;Friedrich;
P00304;Brunstein;I.A.;
P00305;Brust;Linda;
P00306;Buber;Martin;
P00307;Bucer;Martin;
P00308;Buchholz;Arnold;1921-1993
P00309;Bucholtz;Melvyn S.;
P00310;Büchsel;Friedrich Hermann Martin;1883-1945
P00311;Büchsel;Friedrich;
P00312;Buddha;;
P00313;Budzislawski;Hermann;1901-1978
P00314;Buerschaper;Hans;
P00315;Bülau;Thea;
P00316;Bull;Evelyn;
P00317;Bulle;Helene;
P00318;Buller;Amy;1891-1974
P00319;Bullock;William Edward;
P00320;Bultmann;Rudolf;1884-1976
P00321;Bumpas;Andrew G.;
P00322;Bunyan;John;
P00323;Burchardt;Fritz;1902-1958
P00324;Burckhardt;Theodor;1885-1982
P00325;Burckhardt;Carl Jacob;
P00326;Burckhardt;Jacob;
P00327;Burckhardt;Theodor;
P00328;Burdach;Konrad;
P00329;Burger;Casparus Bernardus;1897-1983
P00330;Burgess;Claire;
P00331;Burgess;Helen S.;
P00332;Burhoe;Ralph Wendell;1911-1997
P00333;Bürkler;Albrecht;
P00334;Burks;R.M.;
P00335;Burlingame;Warren F.;
P00336;Burn;June;1893-1969
P00337;Burri;Leni;
P00338;Burrington;Dale E.;
P00339;Burstin;Dorothy;
P00340;Burton;Philip;1926-1983
P00341;Busch;Fred W.;
P00342;Busch;Eberhard;
P00343;Butler;G. Paul;
P00344;Buttrick;George Arthur;1892-1980
P00345;Buxtorff;Johann;
P00346;Byrd;Norman L.;1911-1990
P00347;Cabanis;Pierre Jean Georges;
P00348;Caesalpin;Andreas;
P00349;Caesar;;
P00350;Caesar von Cremona;;
P00351;Cali-Leonard;Grace;
P00352;Calixt;Georg;
P00353;Calov;Abraham;
P00354;Calvin;Johannes;
P00355;Campanella;Tommaso;
P00356;Camus;Albert;
P00357;Canaletto;Antonio;
P00358;Cappellus;Ludwig;
P00359;Cardanus;Hieronymus;
P00360;Carlyle;Thomas;
P00361;Carnap;Rudolf;
P00362;Carruth;Hayden;
P00363;Cassirer;Ernst;1874-1945
P00364;Cassirer;Paul;
P00365;Cato;;
P00366;Celsus;;
P00367;Cézanne;Paul;
P00368;Chamberlain;Arthur Neville;
P00369;Chamberlain;Houston Stewart;
P00370;Chantepie de la Saussaye;Daniel;
P00371;Charcot;Jean Martin;
P00372;Cheetham;Frederic Philip;1891-1970
P00373;Chemnitz;Martin;
P00374;Christiansen;Hans;
P00375;Christiansen;Martha;
P00376;Christiansen;Anna;
P00377;Chrysippos;;
P00378;Churchill;Sir Winston;
P00379;Cicero;;
P00380;Clarke;Samuel;
P00381;Claudius;Matthias;
P00382;Clausewitz;Carl von;
P00383;Clayton;John P.;
P00384;Clemens von Alexandria;;
P00385;Clemens von Rom;;
P00386;Coffin;Henry S.;
P00387;Cohen;Elizabeth;
P00388;Cohen;Hermann;
P00389;Cohn;Arthur A.;
P00390;Cohn;Jonas;
P00391;Collier;Arthur;
P00392;Collmann;Ena;
P00393;Collmer;Paul;1907-1979
P00394;Colm;Gerhard;
P00395;Comenius;Johann Amos;
P00396;Comte;Auguste;
P00397;Condillac;Étienne Bonnot de;
P00398;Coornhert;Dirck;
P00399;Corbett;Paul D.;
P00400;Corinth;Lovis;
P00401;Cornelius;Hans;1863-1947
P00402;Cornill;Carl Heinrich;1854-1920
P00403;Cosel;Anna Konstanze von;
P00404;Couch;W.T.;
P00405;Coughlin;Charles;
P00406;Courbet;Gustave;
P00407;Cousin;Victor;
P00408;Cremer;Hermann;
P00409;Creuzer;Friedrich;
P00410;Cromwell;Oliver;
P00411;Crossman;Richard;1907-1974
P00412;Crout;William R.;1929-2015
P00413;Crowther;Geoffrey;1907-1972
P00414;Cumberland;Richard;
P00415;Cumont;Franz;
P00416;Cunz;Dieter ;1910-1969
P00417;Cusanus;Nikolaus;
P00418;Cyprian;;
P00419;D'Alembert;;
P00420;D´Holbach;Paul-Henri;
P00421;Dacqué;Edgar;
P00422;Dahrendorf;Gustav;
P00423;Dalí;Salvador;
P00424;Daniel;;
P00425;Dante Alighieri;;
P00426;Danzig;David;
P00427;Darling;Edward;
P00428;Darwin;Charles;
P00429;Daté;Karl;
P00430;Daub;Karl;
P00431;Daulton;Pat;
P00432;David;;
P00433;David von Dinant;;
P00434;Davis;Anne;
P00435;Dawson;G. G.;
P00436;de Hartog;Jan;1914-2002
P00437;de Joncheere;Joanna Wilhelmina Hendrika Elisa ;1880-1963
P00438;de Man;Hendrik;1885-1953
P00439;de Vlugt;Willem;1872-1945
P00440;de Vos;Harmen;1896-1980
P00441;de Zwaan;Johannes;1883-1957
P00442;Degas;Edgar;
P00443;Degenhard;Emil;
P00444;Dehn;Günther;
P00445;Deißmann;Adolf;
P00446;Delbrück;Hans;
P00447;Delitzsch;Franz;
P00448;Democritos;;
P00449;Demokrit;;
P00450;Demuth;Fritz;1876-1965
P00451;Denifle;Heinrich;
P00452;Descartes;René;
P00453;Deschamps;;
P00454;Dessoir;Max;
P00455;Detert;Eva;
P00456;Deussen;Paul;
P00457;Dewey;John;
P00458;Dibelius;Martin;
P00459;Dibelius;Otto;
P00460;Dickens;Charles;
P00461;Diderot;Denis;
P00462;Diels;Hermann;
P00463;Dietrich;Otto;
P00464;Dietrich von Freiberg;;
P00465;Dilthey;Wilhelm;
P00466;Diogenes Laërtius;;
P00467;Diogenes von Apollonia;;
P00468;Diogenes von Sinope;;
P00469;Diokletian;;
P00470;Dionysios Areopagita;;
P00471;Dionysius von Alexandria;;
P00472;Dionysius von Rom;;
P00473;Dionysos;;
P00474;Diotima;;
P00475;Dippel;Johann Konrad;
P00476;Dix;Otto;
P00477;Dolman;Gustaf;
P00478;Dominicus Gundisalvi;;
P00479;Dominikus (hl.);;
P00480;Don Giovanni;;
P00481;Don Juan;;
P00482;Donatus;;
P00483;Döring;Anton;1892-1960
P00484;Dorner;Isaak August;
P00485;Dostojewski;Fjodor Michailowitsch;
P00486;Dotzler-Möllering;Leonie;
P00487;Dougherty;John F.;
P00488;Downey;Susan;
P00489;Drews;Arthur;
P00490;Driesch;Hans;
P00491;Dru;Alexander;
P00492;Drury;Betty;
P00493;Dubislav;Walter;
P00494;Duns Scotus;;
P00495;Durandus von St. Pourçain;;
P00496;Dürer;Albrecht;
P00497;Durieux;Tilla;
P00498;Durkheim;Émile;
P00499;Dürr;Ernst;
P00500;Dürselen-Grüning;Anneliese;
P00501;Dusen;Hugh van;
P00502;Dusen;Henry van;
P00503;Dutilh;Petronella Gerarda Johanna;1897-1939
P00504;Dutilh;Jacques;1884-1960
P00505;Ebbinghaus;Julius;1885-1981
P00506;Ebbinghaus;Hermann;
P00507;Ebermann;Arthur;
P00508;Ebersole;Mark C.;1921-2011
P00509;Eberz;Joseph;
P00510;Eckert;Erwin;
P00511;Edelmann;Johann Christian;
P00512;Eden;Sir Anthony;
P00513;Edschmid;Casimir;
P00514;Ehrenberg;Hans;
P00515;Ehrenström;Nils;1903-1984
P00516;Eichendorff;Joseph von;
P00517;Eichhorn;Albert;
P00518;Eildermann;Heinrich;
P00519;Einsiedel;Horst von;
P00520;Einstein;Albert;
P00521;Eisenhower;Dwight;
P00522;Elias;;
P00523;Eliot;Thomas Stearns;
P00524;Ellwein;Theodor;
P00525;Emerson;Ralph Waldo;
P00526;Emmerich;Kurt;1903-1976
P00527;Emmerich;Gertrud;1905-1983
P00528;Empedokles;;
P00529;Endel;Nanette;
P00530;Enfantin;Barthélémy Prosper;
P00531;Engels;Friedrich;
P00532;Ephrussi;Ignace Leon de ;1906-1994
P00533;Epicharmos;;
P00534;Epiktet;;
P00535;Epikur;;
P00536;Erasmus von Rotterdam;;
P00537;Erben;Walter;
P00538;Erdberg-Krzenciewski;Robert von;
P00539;Erdmann;Gerda;
P00540;Erdmann;Benno;
P00541;Erman;Adolf;
P00542;Ernesti;Johann August;
P00543;Errera;Jacques;1896-1977
P00544;Erwähnt im Reisetagebuch;Durwood A.;
P00545;Esau;;
P00546;Eschenmayer;Carl August;
P00547;Eskin;;
P00548;Espy;R. H. Edwin ;1908-1993
P00549;Esra;;
P00550;Esther;;
P00551;Eucken;Rudolf;
P00552;Eudoros;;
P00553;Eudoxos von Knidos;;
P00554;Euhemeros;;
P00555;Euklid;;
P00556;Euklid von Megara;;
P00557;Euripides;;
P00558;Eusebius von Cäsarea;;
P00559;Eutyches;;
P00560;Eva;;
P00561;Everett;John R.;
P00562;Everett;Jack;
P00563;Everth;Erich;1878-1934
P00564;Ewald;Oskar;
P00565;Exnam;;
P00566;F.;Caro;
P00567;Fabricius;Cajus;1884-1950
P00568;Falk;Karl;
P00569;Falkenberg-Liefrinck;Liv;1901-2006
P00570;Farris;Erdmuthe;geb. 1926
P00571;Farris;Madeleine;
P00572;Farris;Ted;
P00573;Faulkner;William;
P00574;Faust;Erich;*1893
P00575;Fechner;Gustav Theodor;
P00576;Fechter;Paul;
P00577;Feder;Gottfried;
P00578;Fehling;Anna-Margarete;1898-
P00579;Feiler;Arthur;
P00580;Fellinger;;
P00581;Ferguson;Adam;
P00582;Ferrater Mora;José;1912-1991
P00583;Fetter;Johan Carol Antonie;1885-1959
P00584;Fetter;Antoinette Matilda;1889-1986
P00585;Feuchtersieben;Ernst Freiherr von;
P00586;Feuerbach;Ludwig;
P00587;Fezer;Karl;
P00588;Fichte;Immanuel Hermann;
P00589;Fichte;Johann Gottlieb;
P00590;Fiedler;Bianca;
P00591;Fischer;Ernst Hugo;1897-1975
P00592;Fischer;Kuno;
P00593;Flacius;Matthias;
P00594;Flatt;Carl Christian;
P00595;Flatt;Johann Friedrich;
P00596;Flaubert;Gustave;
P00597;Fleck;Frl.;
P00598;Fließ;Wilhelm;
P00599;Flitner;Wilhelm;1889-1990
P00600;Fludd;Robert;
P00601;Flügge;C.W.;
P00602;Focken;Gerhard;
P00603;Fontane;Theodor;
P00604;Forener;Dr.;
P00605;Fosdick;Raymond B.;1883-1972
P00606;Foster;Michael Beresford ;1903-1959
P00607;Fourier;Charles;
P00608;Fox;George;
P00609;Fraenkel;Ernst;
P00610;Franck;Sebastian;
P00611;Francke;August Hermann;
P00612;Frank;Franz Hermann Reinhold;
P00613;Frank;Semjon;
P00614;Frankenstein;Hedwig;
P00615;Franz von Assisi;;
P00616;Frazer;James George;
P00617;Freeman;Alfred;
P00618;Freiligrath;Ferdinand;
P00619;Freud;Sigmund;
P00620;Frey;Emil;1889-1946
P00621;Frey-Sollberger;Georgy ;*1889
P00622;Freyer;Hans;
P00623;Frick;Heinrich;
P00624;Frick;Wilhelm;
P00625;Frick;Ernst;1881-1956
P00626;Fricke;Otto;
P00627;Friedländer ;Walter A.;
P00628;Friedrich;Caspar David;
P00629;Friedrich I., Barbarossa;;
P00630;Friedrich II. der Große;;
P00631;Friedrich II., der Große;;
P00632;Friedrich VI. von Hohenzollern;;
P00633;Friedrich Wilhelm I.;;
P00634;Friedrich Wilhelm II.;;
P00635;Friedrich Wilhelm IV.;;
P00636;Fries;Heinrich;
P00637;Fries;Jakob Friedrich;
P00638;Friess;Horace;1900-1975
P00639;Friess;Horace;
P00640;Frischeisen-Köhler;Max;
P00641;Fritz;Alfred;1886-1963
P00642;Fritz;Gottlieb;
P00643;Fritz (geb. Horn);Gertrude;1883-1961
P00644;Fritz (geb. Tillich);Johanna;1889-1920
P00645;Fröbe-Kapteyn;Olga;1881-1962
P00646;Frobenius;Leo;
P00647;Fromm;Erich;1900-1980
P00648;Fuß;Gottfried;
P00649;Gablentz;Heinrich Otto von;
P00650;Gabriel;Erich;
P00651;Gadamer;Hans-Georg;
P00652;Gaius Fabricius;;
P00653;Galbraith;John Kenneth;
P00654;Galilei;Galileo;
P00655;Galling;Kurt;1900-1997
P00656;Gapp;Kenneth Sperber ;1905-1966
P00657;Gassendi;Pierre;
P00658;Gauguin;Paul;
P00659;Gaunilo von Marmoutiers;;
P00660;Gayk;Andreas;
P00661;Geerth;Franz Jakob;
P00662;Geiger;Fr.;
P00663;Geismar;Eduard Osvald;
P00664;Gelb;Adhémar;
P00665;Gensichen;Hans-Eberhard;1885-1968
P00666;Georg;Manfred;1893-1965
P00667;Georg;;
P00668;George;Stefan;
P00669;Georgi;Yvonne;1903-1975
P00670;Gerdes;Hayo;1928-1981
P00671;Gerhard;Johann;
P00672;Gerhardt;Paul;
P00673;Gerich;;
P00674;Gerstenmaier;Eugen;
P00675;Geulincx;Arnold;
P00676;Gibbon;Edward;
P00677;Gierke;Otto von;
P00678;Gilbert von Poitiers;;
P00679;Gilkey;Langdon;1919-2004
P00680;Gilson;Étienne;
P00681;Giotto di Bondone;;
P00682;Girgensohn;Karl Gustav;
P00683;Gittler;Lewis F.;
P00684;Globig;Camilla Käthe;1894-1968
P00685;Globig;Emil Hermann Johannes ;*1889
P00686;Godwin;William;
P00687;Goebbels;Josef;
P00688;Goesch;Heinrich;
P00689;Goeters;Johann Friedrich Gerhard;
P00690;Goethe;Johann Wolfgang von;
P00691;Goetz;Bruno;1885-1954
P00692;Goetz;John B.;
P00693;Goeze;Johann Melchior;
P00694;Gogarten;Friedrich;
P00695;Gogol;Nikolai Wassiljewitsch;
P00696;Goldmann;;
P00697;Goldstein;Kurt;1878-1965
P00698;Goldstein;Eva;1897-1960
P00699;Goldziher;Ignaz;
P00700;Gomperz;Theodor;
P00701;Gontard;Susette;
P00702;Goodbody;John C.;
P00703;Gorgias;;
P00704;Gottschick,;Johannes F.;
P00705;Gottschow;Albert;
P00706;Grabert;Herbert;
P00707;Grabmann;Martin;
P00708;Grabowsky;Adolf;1880-1969
P00709;Graff;Hans;
P00710;Grant;Frederick C.;
P00711;Gregor I. der Große;;
P00712;Gregor VII.;;
P00713;Gregor von Nazianz;;
P00714;Gregor von Nyssa;;
P00715;Gregorius Thaumaturgos;;
P00716;Greßmann;Hugo;
P00717;Grimm;Hans;
P00718;Grimme;Adolf;1889-1963
P00719;Grisebach;Eberhard;
P00720;Groethuysen;Bernhard;
P00721;Groos;Friedrich;
P00722;Gropius;Walter;1883-1969
P00723;Groß;Karl;
P00724;Grossbard;Berthe;
P00725;Großmann;Heinrich;
P00726;Grosche;Hildegard;1913-2006
P00727;Grossmann;Kurt R.;1897-1972
P00728;Grosz;George;
P00729;Grotius;Hugo;
P00730;Grünewald;Matthias;
P00731;Gruppe;Otto;
P00732;Grzesinski;Albert C.;1879-1947
P00733;Guggenheim;Ursula;1905-2002
P00734;Guggenheim;Werner Johannes;1895-1946
P00735;Gumppenberg ;Hildegard K. ;
P00736;Gundolf;Friedrich;
P00737;Gunkel;Hermann;
P00738;Günther;Hans K.;
P00739;Gurland;Arcadius R.L.;1904-1979
P00740;Gurwitsch;Aron ;1901-1973
P00741;Guyau;Jean-Marie;
P00742;Hartz;Karl;
P00743;Haas;Hans G. de;
P00744;Habakuk;;
P00745;Häckel;Ernst;
P00746;Hacker;Frederick J.;
P00747;Haeckel;Ernst;
P00748;Haefelin;Horst O.;
P00749;Haendler;Otto;1890-1981
P00750;Haenisch;Konrad;
P00751;Haering;Theodor L.;
P00752;Hafkesbrink;Hanna;
P00753;Hagemann;Wanda;1908-
P00754;Hagen;Paul;
P00755;Hagenbach;Karl Rudolf;
P00756;Haggerty;Marjorie;
P00757;Hahl;Margot;1900-
P00758;Hahl;Hans;1906-1984
P00759;Hahn;Henning;
P00760;Hahn;L. Albrecht;1889-1968
P00761;Hain;Mathilde;
P00762;Hale;Edward E. (Rev.);
P00763;Haleri;Benjamin;
P00764;Hall;Kenneth;
P00765;Hall;Monroe;
P00766;Hall;Prof.;
P00767;Halle;Kay;1904-1997
P00768;Haller;Ludwig;
P00769;Haller;Liane;
P00770;Hallstein;Walter;1901-1982
P00771;Halpert;Edith Gregor;1900-1970
P00772;Halpin;Edward F.;
P00773;Halsburgh;W.E.M.;
P00774;Halsman;Philippe;1906-1979
P00775;Halverson;Marvin P.;
P00776;Halverson;William;
P00777;Hamann;Anneliese;1894-1984
P00778;Hamann;Johann Georg;
P00779;Hamann;Richard;
P00780;Hammacher;Emil;
P00781;Hammer;Walter;1888-1966
P00782;Hammilton;John David;
P00783;Hammond;Guy B.;
P00784;Hampton;Ethel;
P00785;Händel;Fritz;
P00786;Handler;Joel S.;
P00787;Haney;Robert W.;
P00788;Hanffstengel;Gottfried von;1885-1977
P00789;Hanna;Charles B.;
P00790;Hanna;Thomas;
P00791;Hannaford;R.;
P00792;Hansen;Frank-Peter;
P00793;Hansing;Ernst Günter;1929-2011
P00794;Hanson;Betty;
P00795;Hanson;Kenneth D.;
P00796;Hänßel;Waltraud;
P00797;Hansson;Herman T.;
P00798;Harada;Keiichi;
P00799;Harbuck;Don B.;
P00800;Harder;Erich;1872-1962
P00801;Hardt;Ludwig;1886-1947
P00802;Hare;Michael Meredith;
P00803;Hare;William Francis;1906-1997
P00804;Hare;Judith;1903-2003
P00805;Häring;Hermann;*1937
P00806;Häring;Johann Theodor von;1848-1928
P00807;Harn;Schubert von;
P00808;Harnack;Adolf von;1851-1930
P00809;Harnack;Adolor von;
P00810;Harned;David Baily;
P00811;Hartlaub;Felix;
P00812;Hartlaub;Gustav Friedrich;
P00813;Hartley;Daniel;
P00814;Hartmann;Hans;1888-1976
P00815;Hartmann;Eduard von;
P00816;Hartmann;Nicolai;
P00817;Hartshorne;Charles;1897-2000
P00818;Harvey;William;
P00819;Hase;Hans-Christoph von;1907-2005
P00820;Hase;Karl August von;
P00821;Hasenclever;Walter;
P00822;Hasselbach;Ulrich von;
P00823;Haubach;Theodor;
P00824;Hauck;Albert;
P00825;Hauer;Jakob Wilhelm;
P00826;Haupt;Erich;
P00827;Hauptmann;Gerhart;
P00828;Hausenstein;Wilhelm;
P00829;Haussmann;Frederick;1885-1955
P00830;Haydn;Joseph;
P00831;Hayer;Paul;
P00832;Haym;Rudolf;
P00833;Hebbel;Friedrich;
P00834;Hebel;Konrad;
P00835;Heber;Margaret;
P00836;Heckel;Erich;
P00837;Heckel;Theodor;
P00838;Heering;Herman Johan;1912-2000
P00839;Hegel;Georg Wilhelm Friedrich;
P00840;Hegesias Peisithanatos;;
P00841;Heidegger;Martin;1989-1976
P00842;Heiden;Konrad;
P00843;Heilbronn;Dr.;
P00844;Heiler;Friedrich;
P00845;Heim;Karl;1874-1958
P00846;Heimann;Eduard;1889-1967
P00847;Heine;Heinrich;
P00848;Heinemann;Fritz;
P00849;Heinrich IV.;;
P00850;Heinrich von Gent;;
P00851;Heinrichs;Hans-Jürgen;
P00852;Heinze;Max;
P00853;Heinzelmann;Gerhard;1884-1951
P00854;Heisenberg;Werner;
P00855;Heitmüller;Wilhelm;
P00856;Heller;Hermann;
P00857;Hellstroem;Ivar;
P00858;Helmont;Johann Baptista van;
P00859;Helvétius;Claude Adrien;
P00860;Helwig O.S.B.;Gerhard;
P00861;Hemingway;Ernest;
P00862;Hempel;Carl Gustav;1905-1997
P00863;Hemphill;Genevieve;
P00864;Hendel;Charles W.;
P00865;Hendershot;Pauline S.;
P00866;Henderson;Ian;
P00867;Hendrixson;Claire;
P00868;Henel;Heinrich;
P00869;Henel;Ingeborg;
P00870;Henkel;Charles;
P00871;Henley;Clyde C.;
P00872;Henley;Lois B.;
P00873;Henne;Helene;
P00874;Hennig;Karl;
P00875;Henning;Hilde;
P00876;Henoch;;
P00877;Hensmann;Amos;1884-
P00878;Herakles;;
P00879;Heraklit;;
P00880;Herbart;J. F.;
P00881;Herbert von Cherbury;;
P00882;Herder;Johann Gottfried;
P00883;Hermann;Wilhelm;
P00884;Hermas aus Rom;;
P00885;Herodes;;
P00886;Herodot;;
P00887;Herophilus;;
P00888;Herrmann;Heinrich;
P00889;Herrmann;Friedrich-Wilhelm von;
P00890;Herrmann;Wilhelm;
P00891;Hertel;Karin;
P00892;Herzen;Alexander;
P00893;Hesiod;;
P00894;Hess;Rudolf;
P00895;Heusler;Andreas;
P00896;Heuss;Theodor;1884-1963
P00897;Heyse;Hans;
P00898;Hiketas;;
P00899;Hilarius von Poitiers;;
P00900;Hiltner;Seward;
P00901;Himmler;Heinrich;
P00902;Hinkmar von Reims;;
P00903;Hippokrates;;
P00904;Hirsch;Emanuel;1888-1972
P00905;Hirsch;Hans S.;
P00906;Hirsch;Maria;
P00907;Hirsch;Rose;
P00908;Hirschfeld;Kurt;1902-1964
P00909;Hisamatsu Shin’ichi;;
P00910;Hitler;Adolf;
P00911;Hobbes;Thomas;
P00912;Hodler;Ferdinand;
P00913;Hoffmann;Adolph;
P00914;Hoffmann;Daniel;
P00915;Hoffmann;Ernst Theodor Amadeus;
P00916;Hoffmeister;Johannes;
P00917;Hofmann;Johann Christian Konrad von;
P00918;Hofmannsthal;Hugo von;
P00919;Hohenlohe;;
P00920;Hohmann;Georg;1880-1970
P00921;Holbein der Jüngere;Hans;
P00922;Hölderlin;Friedrich;
P00923;Holl;Karl;
P00924;Holldack;Felix;
P00925;Holtzmann;Heinrich Julius;
P00926;Homer;;
P00927;Homrighausen;Elmer G.;
P00928;Hönigswald;Richard;
P00929;Hoppe;Klaus D.;
P00930;Horaz;;
P00931;Horkheimer;Max;1895-1973
P00932;Horkheimer;Rose Christine;1887–1969
P00933;Horn;Friedrich Otto;
P00934;Horn;Gertrud;
P00935;Horney;Karen;
P00936;Horus;;
P00937;Hosea;;
P00938;Hoskyns;Sir Edwin Clement;
P00939;Hossenfelder;Joachim;
P00940;Huessy;Margret;
P00941;Hugo von St. Viktor;;
P00942;Humboldt;Wilhelm von;
P00943;Hume;David;
P00944;Hunzinger;Walter;
P00945;Hus;Jan;
P00946;Husserl;Edmund;
P00947;Hutcheson;Francis;
P00948;Huxley;Aldous;
P00949;Iamblichos;;
P00950;Ibsen;Henrik;
P00951;Ide;Charles Alfred ;1887-1965
P00952;Ide;Henriette Rosalie ;1890-1981
P00953;Ideler;Karl Wilhelm;
P00954;Ignatius von Antiochien;;
P00955;Imhotep;;
P00956;Innozenz III.;;
P00957;Innozenz IV.;;
P00958;Irenäus;;
P00959;Isaak;;
P00960;Isaak von Stella;;
P00961;Isidor von Sevilla;;
P00962;Ismael;;
P00963;Jacker;John Arthur;
P00964;Jacobi;Friedrich Heinrich;
P00965;Jäger;Werner;
P00966;Jakob;;
P00967;Jakob von Viterbo;;
P00968;Jakobus;;
P00969;James;William;
P00970;Jannensch;Erika;
P00971;Jansen;Cornelius;
P00972;Jaspers;Karl;
P00973;Jastrow;Morris;
P00974;Jawlenski;Alexei;
P00975;Jefferson;Iriah;
P00976;Jefferson;Thomas;
P00977;Jellinek;Georg;
P00978;Jeremia;;
P00979;Jeremias;Alfred;
P00980;Jesaja;;
P00981;Jesus;;
P00982;Jesus Sirach;;
P00983;Joachim von Fiore;;
P00984;Joel;;
P00985;Johannes;;
P00986;Johannes der Täufer;;
P00987;Johannes Gerson;;
P00988;Johannes Olivi;;
P00989;Johannes Philoponos;;
P00990;Johannes Scottus Eriugena;;
P00991;Johannes von Damaskus;;
P00992;Johannes von Jandun;;
P00993;Johannes von Salisbury;;
P00994;Johannes XXIII.;;
P00995;Jolowicz;Martha;*1881
P00996;Jolowicz;Leo;1868-1940
P00997;Jona;;
P00998;Jonas;Hans;1903-1993
P00999;Jones;Rufus;
P01000;Jory;Nicholas;
P01001;Josephus;Flavius;
P01002;Josia;;
P01003;Joyce;James;
P01004;Judas;;
P01005;Julian Apostata;;
P01006;Jung;Carl Gustav;
P01007;Justin der Märtyrer;;
P01008;Kafka;Franz;
P01009;Kaftan;Julius;
P01010;Kagawa;Toyohiko;
P01011;Kagawa;Toyohiko;1888-1960
P01012;Kähler;Ernst;
P01013;Kähler;Martin;
P01014;Kahn-Freund;Sir Otto ;1900-1979
P01015;Kain;;
P01016;Kalthoff;Albert;
P01017;Kandeler;Marlen;
P01018;Kandinsky;Wassily;
P01019;Kanold;Alexander;
P01020;Kant;Immanuel;
P01021;Kantorowicz;Ernst;1895-1963
P01022;Kantorowicz;Hermann Ulrich ;1877-1940
P01023;Kantorowicz;Dorothea ;1884-1920
P01024;Kantorowicz;Hildegard Anna Maria ;1892-1974
P01025;Karl d. Kahle;;
P01026;Karl I. (Kaiser von Österreich);;
P01027;Karl I. der Große;;
P01028;Karneades;;
P01029;Karpatkin;Marvin M.;1926-1975
P01030;Kaskell;Joseph;1892-1989
P01031;Kassner;Rudolf;
P01032;Katte;Hans Hermann von;
P01033;Kattenbusch;Ferdinand;1851-1935
P01034;Kaulbach;Wilhelm;
P01035;Kautsky;Karl J.;
P01036;Kautzsch;Emil;
P01037;Keiser;Günter;
P01038;Keller;Adolf;1872-1963
P01039;Keller;Robert;
P01040;Kempner;Robert Max Wassilli;
P01041;Kendrick;John H.;
P01042;Kepler;Johannes;
P01043;Kerr;Philip Henry ;1882-1940
P01044;Kessa;Anna Petrowna;gestorben 1967
P01045;Keßler;Harry Graf;
P01046;Kesten;Hermann;1900-1996
P01047;Key;Ellen;
P01048;Keyserling;Hermann Graf;
P01049;Kierkegaard;Sören;
P01050;Kilger;Albert;
P01051;Kimball;Robert;1928-2017
P01052;Kindel;Eva;
P01053;King;Martin Luther;
P01054;Kingdon;Frank;
P01055;Kirbach;Hellmuth;1903-1994
P01056;Kirn;Paul;1890-1965
P01057;Kissinger;Henry;
P01058;Klages;Ludwig;
P01059;Klatt;Fritz;
P01060;Kleanthes;;
P01061;Klein;Ernst August Ferdinand;1863-1943
P01062;Klein;Lisa;
P01063;Klein;Elisabeth;
P01064;Klein;Jakob;
P01065;Klemperer;Victor;
P01066;Kleyer;Bertel;
P01067;Kleyer;Erwin;1888-1975
P01068;Klöpper;;
P01069;Klopstock;Friedrich Gottlieb;
P01070;Klutmann;Rudolf;1883-1968
P01071;Knittermeyer;Heinrich;
P01072;Knobler;John;
P01073;Knox;John;
P01074;Koch;Karl;
P01075;Koch;Jakob Emil Karl;
P01076;Koepp;Wilhelm;
P01077;Koffka;Kurt;
P01078;Köhler;Wolfgang;
P01079;Kohn;Hans;
P01080;Konfuzius;;
P01081;Konstantin I. der Große;;
P01082;Kopernikus;Nikolaus;
P01083;Korff;Hermann August;
P01084;Kotschnig;Walter ;1901-1985
P01085;Kotschnig;Elined;1895-1983
P01086;Kraber;Tony;1905–1986
P01087;Kracauer;Siegfried;1889-1966
P01088;Kracke;Virginia L.;
P01089;Kraemer;Hendrik;
P01090;Kraft;Julius;1898-1960
P01091;Kranold;Albert;
P01092;Krapotkin;Michael;
P01093;Kraus;Karl;
P01094;Krebs;Engelbert;
P01095;Kreon;;
P01096;Kretzler;Karin;
P01097;Kreyssig;Lothar;1898-1986
P01098;Kritias;;
P01099;Kroner;Richard;1884-1974
P01100;Kroner;Alice;
P01101;Kropotkin;Pjotr Alexejewitsch;
P01102;Krüger;Gerhard;
P01103;Krüsmann;Rudolf;
P01104;Kuhlmann;Gerhardt;
P01105;Kuhn;Helmut;1899-1991
P01106;Kullmann;Maria;
P01107;Kullmann;Maria;1902-1965
P01108;Kullmann ;Gustave;1894-1961
P01109;Külpe;Oswald;
P01110;Künneth;Walter;
P01111;Kurtz;Howard G.;
P01112;Kurtz;Johann Heinrich;1809-1890
P01113;Kutter;Hermann;
P01114;Kuyper;Abraham;
P01115;Kyrill von Alexandria;;
P01116;Kyros II.;;
P01117;L.;Sam L.;
P01118;Laban;Rudolf von;
P01119;Labusen;Friedrich;
P01120;Ladenburg;Rudolph;
P01121;Lafayette;Joseph;
P01122;Lahusen;Friedrich;1851-1927
P01123;Lambert;Johann Heinrich;
P01124;Lamprecht;Karl;
P01125;Landahl;Heinrich;
P01126;Landauer;Walter;1902-1944
P01127;Landauer;Gustav;
P01128;Landauer;Karl;1887-1945
P01129;Landauer;Karoline;1893-1975
P01130;Landé;Walter;1889-1938
P01131;Landé;Margarete;*1905
P01132;Lanfranc;;
P01133;Lang;Martin;1858-1934
P01134;Lang;Andrew;
P01135;Lange;Friedrich Albert;
P01136;Langenbach;Anne;
P01137;Langer;Frida;1888-1942
P01138;Langer;Otto Richard Emil;1878-1920
P01139;Laozi;;
P01140;Lappe;Joseph;
P01141;Lash;Trude;1908-2004
P01142;Lask;Emil;
P01143;Lasker-Schüler;Else;
P01144;Lasker-Schüler;Elsisabeth;1869-1945
P01145;Lassalle;Ferdinand;
P01146;Lasson;Adolf;
P01147;Lasson;Georg;
P01148;Laubmann;Georg von;
P01149;Laun;Margarete von;
P01150;Lavater;Johann Kaspar;
P01151;Lazarus;;
P01152;Le Seur ;Eduard;1873-1956
P01153;Leep;Hans Jürgen;1910-2001
P01154;Leese;Kurt;1887-1965
P01155;Lehmann;Helmut T.;
P01156;Lehmann;Paul Louis;1906-1994
P01157;Lehmann;Eduard;
P01158;Lehmann;Julius;1884-1951
P01159;Leibniz;Gottfried Wilhelm;
P01160;Leibrecht;Walter;
P01161;Lengston;Eugene;
P01162;Lenin;Wladimir Iljitsch;
P01163;Leo der Hebräer;;
P01164;Leo I. der Große;;
P01165;Leo X.;;
P01166;Leo XIII.;;
P01167;Leonardo da Vinci;;
P01168;Leontius von Byzanz;;
P01169;Lessing;Gotthold Ephraim;
P01170;Lessing;Theodor;
P01171;Lévy-Bruhl;Lucien;
P01172;Lewald;Hans;1883-1963
P01173;Lewis;Cotesworth P.;
P01174;Ley-Piscator;Maria;
P01175;Lichtenberg;Georg Christoph;
P01176;Lieb;Fritz;1892-1970
P01177;Liebermann;Max;1847-1935
P01178;Liebert;Arthur;
P01179;Liebknecht;Karl;
P01180;Lietzmann;Hans;
P01181;Liguori;Alfonso Maria di;
P01182;Lilje;Johannes;1899-1977
P01183;Lincoln;Abraham;
P01184;Lindemann;Eduard C.;1985-1953
P01185;Lindner;Kurt;
P01186;Lindt;Peter M.;1908-1976
P01187;Linné;Karl von;
P01188;Lippmann;Walter;
P01189;Lipps;Theodor;
P01190;Lipsius;Justus;
P01191;Lipsius;Richard Adelbert;
P01192;Lister;Hugh;1901-1944
P01193;Locke;John;
P01194;Loeb;Lotta;
P01195;Loechler;Leon P.;
P01196;Lohmeyer;Ernst;
P01197;Loisy;Alfred;
P01198;Long;Huey;
P01199;Longfellow;Henry;
P01200;Loof;Hans;
P01201;Loofs;Friedrich;1858-1928
P01202;Lord Lothian;;
P01203;Lothar;Anita;1904-2002
P01204;Lothar;Johannes Herbert ;1900-1944
P01205;Lotz;Ernst;1887-1948
P01206;Lotze;Hermann;
P01207;Loveland;Gilbert;
P01208;Löwe;Beatrice;
P01209;Löwe;Adolf;1893-1995
P01210;Löwe;Beatrice;*1893
P01211;Löwenfeld;Claire;1899-1974
P01212;Löwenfeld;Günther;1895-1984
P01213;Löwenthal;Leo;1900-1993
P01214;Löwith;Karl ;1897-1973
P01215;Lowrie;Walter;
P01216;Lubac;Henri de;
P01217;Lucillus;;
P01218;Ludwig IV. der Bayer;;
P01219;Ludwig XIV.;;
P01220;Ludwig, Emil;;
P01221;Lukács;Georg;
P01222;Lukas;;
P01223;Lukian;;
P01224;Lukrez;;
P01225;Lullus;Raimundus;
P01226;Lute;Edward T.;
P01227;Lütgert;Wilhelm;1867-1938
P01228;Luther;Martin;
P01229;Lüttichau;Wilhelm Victor von;1889-1946
P01230;Lüttichau;Margarita;1894-1971
P01231;Luxemburg;Rosa;
P01232;Mac Arthur;Douglas;
P01233;Macbeth;;
P01234;Machiavelli;Niccolò di;
P01235;Machui;Marianne von;1912-2001
P01236;Machui ;Artur von;1904-1971
P01237;Mackintosh;James;
P01238;Mackintosh;Hugh Ross;1870-1936
P01239;MacLeish;Archibald;1892-1982
P01240;Maimon;Salomon;
P01241;Maimonides;;
P01242;Major;Georg;
P01243;Malebranche;Nicolas;
P01244;Malthus;Thomas Robert;
P01245;Manasse-Morris;Rudolf;1894
P01246;Mandel;Hermann;
P01247;Mandelbaum;Kurt ;1904-1995
P01248;Mandelkow;Karl-Robert;
P01249;Mandeville;Bernard de;
P01250;Manegold von Lautenbach;;
P01251;Manheim;Ernest;1900-2002
P01252;Mani;;
P01253;Mann;Thomas;1875-1955
P01254;Mann;Heinrich;
P01255;Mannheim;Karl;1893-1947
P01256;Mannheim;Julia;1893–1955
P01257;Marahrens;August;1875-1950
P01258;Marc;Franz;
P01259;Marc Aurel;;
P01260;Marcel;Gabriel;
P01261;Marcellus;;
P01262;Marck;Siegfried;1889-1957
P01263;Marcuse;Herbert;1898-1979
P01264;Marcuse;Ingeborg;
P01265;Marcuse;Ludwig;
P01266;Marheineke;Philipp Konrad;
P01267;Maria;;
P01268;Maria Magdalena;;
P01269;Markion;;
P01270;Markus;;
P01271;Marquand;John P.;
P01272;Marsilio Ficino;;
P01273;Marsilius von Padua;;
P01274;Martensen;Hans Lassen;
P01275;Marx;Karl;
P01276;Matisse;Henri;
P01277;Matthäus;;
P01278;Matthäus von Acquasparta;;
P01279;Maupertuis;Pierre Moreau de;
P01280;Maurenbrecher;Max;
P01281;Maury;Pierre;1890-1956
P01282;Mausbach;Joseph;
P01283;Maximus Confessor;;
P01284;Maxwell;William;
P01285;May;Rollo;
P01286;Mayer;Emil Walter;
P01287;Mayer;Jacob-Peter ;1903-1992
P01288;Mazdaznan;;
P01289;McBride;Katharine;
P01290;Mead;Margaret;
P01291;Medicus;Fritz;1876-1956
P01292;Meil;Hans;
P01293;Meinecke;Friedrich;
P01294;Meiner;Felix;
P01295;Meinhof;Heinrich;1888-1978
P01296;Meinhold;Peter;1907-1981
P01297;Meinong;Alexius von;
P01298;Meiser;Hans;
P01299;Meister Eckhart;;
P01300;Meitmann;Karl;
P01301;Melanchthon;Philipp;
P01302;Mellinger;Frederic;1890-1970
P01303;Mendelssohn;Moses;
P01304;Mendelssohn;Georg;1886-1955
P01305;Meng;Heinrich Otto ;1887-1972
P01306;Menn;Wilhelm Gustav;1888-1956
P01307;Mennicke;Carl August;1887-1958
P01308;Mennicke;Trude;1892-1973
P01309;Menninger;Karl;
P01310;Merrem;Lucie;
P01311;Merrem;Paul;
P01312;Mertens;Anna;
P01313;Mesmer;Franz Anton;
P01314;Messer;August;
P01315;Metrodoros von Lampsakos;;
P01316;Metternich;Clemens von;
P01317;Mettrie;Julien Offroy de la;
P01318;Metzger;Ludwig;
P01319;Metzger;Arnold;1892-1974
P01320;Meyer;Conrad Ferdinand;
P01321;Meyer;Eduard;
P01322;Meyer;Richard Moritz;
P01323;Meyer;Gerhard Emil Otto ;1903-1973
P01324;Micha;;
P01325;Michaelis;Johann David;
P01326;Michelangelo;Buonarroti;
P01327;Mierendorff;Carl;
P01328;Mill;John Stuart;
P01329;Miller;Arthur;
P01330;Minges;Parthenius;
P01331;Mirabeau;Honoré de;
P01332;Misch;Carl;1896-1965
P01333;Moberly;Walter;
P01334;Moberly;Sir Walter Hamilton ;1881-1974
P01335;Mohammed;;
P01336;Möhler;Johann Adam;
P01337;Moholy-Nagy;László;
P01338;Moholy-Nagy;Sibyl;1905-1971
P01339;Molière;;
P01340;Möller;Wilhelm;
P01341;Moltks;Graf Helmut James;
P01342;Mommsen;Wilhelm;
P01343;Monet;Claude;
P01344;Montaigne;Michel de;
P01345;Montanus;;
P01346;Montesquieu;Charles;
P01347;Morelly;Abbé;
P01348;Morgenstern;Christian;
P01349;Mörike;Eduard;
P01350;Morin;Alexander J.;
P01351;Morus;Thomas;
P01352;Moses;;
P01353;Mosheim;Johann Lorenz von;
P01354;Mott;John Raleigh;
P01355;Mozart;Wolfgang Amadeus;
P01356;Mückenberger;Erich;
P01357;Mulert;Hermann;1879-1950
P01358;Müller;Adolf;
P01359;Müller;Gotthold ;
P01360;Müller;Alfred Dedo;
P01361;Müller;Franz Walter;
P01362;Müller;Friedrich;
P01363;Müller;Johannes;
P01364;Müller;Julius;
P01365;Müller;Ludwig;
P01366;Müller;Max;
P01367;Müller-Gangloff;Erich;1907-1980
P01368;Munch;Edvard;
P01369;Münsterberg;Hugo;
P01370;Münzer;Thomas;
P01371;Murisier;Ernest;
P01372;Mussolini;Benito;
P01373;Muth;;
P01374;Napoleon Bonaparte;;
P01375;Nash;Arnold Samuel ;1906-1991
P01376;Natorp;Paul;
P01377;Naumann;Friedrich;
P01378;Nebukadnezar;;
P01379;Nehemia;;
P01380;Nelson;Leonard;
P01381;Nero;;
P01382;Nestorius;;
P01383;Neuenschwander;Ulrich;1922-1977
P01384;Newton;Isaac;
P01385;Nichols;Roger B.;
P01386;Nicolai;Friedrich;
P01387;Nicolaus von Amiens;;
P01388;Nicolaus von Autrecourt;;
P01389;Nicolin;Friedhelm;
P01390;Niebuhr;Reinhold;1892-1971
P01391;Niebuhr;Ursula M.;1907-1997
P01392;Niemöller;Martin;1992-1984
P01393;Niethammer;Immanuel;
P01394;Nietzsche;Friedrich;
P01395;Nikias;;
P01396;Nikodemus;;
P01397;Nikolaus von Oresme;;
P01398;Niphus;Augustinus;
P01399;Nizolius;Marius;
P01400;Noack;Hermann;
P01401;Noack;Ulrich;
P01402;Noah;;
P01403;Nohl;Herman;
P01404;Nolde;Emil;
P01405;Norden;Eduard;
P01406;Norman;Dorothy;
P01407;Novalis;;
P01408;Numenius von Apameia;;
P01409;Nygren;Anders;
P01410;Obadja;;
P01411;Odgers;Merle Middleton;
P01412;Ödipus;;
P01413;Oetinger;Friedrich Christoph;
P01414;Oetinger;Johann Christoph;
P01415;Ohlemacher;Jörg;
P01416;Olden;Rudolf;1885-1940
P01417;Oldenbarneveldt;Johan van;
P01418;Oldenberg;Hermann;
P01419;Oldenburg;Hildegard Dorothea;1914-2007
P01420;Oldham;Joseph Houldsworth;1874-1969
P01421;Opie;Catherine;1896-1980
P01422;Opie;Redvers;1900-1984
P01423;Oppenheim;Paul;1885-1977
P01424;Oppenheim;Gabrielle;1892-1997
P01425;Oppenheimer;Ludwig;
P01426;Oppenheimer;Franz;
P01427;Oprecht;Emil;1895-1952
P01428;Orelli;Conrad von;
P01429;Origenes;;
P01430;Ormuz;;
P01431;Orpheus;;
P01432;Orwell;George;
P01433;Osiander;Andreas;
P01434;Ostwald;Wilhelm;
P01435;Oswald;James;
P01436;Othlo von St. Emmeram;;
P01437;Otto;Walter F.;1874-1958
P01438;Otto;Rudolf;
P01440;Overbeck;Franz;
P01441;Ovid;;
P01442;Owen;Jane Bluffer;
P01443;Owen;Kenneth Dale;
P01444;Owen;Robert;
P01445;Oxé;Charlotte;
P01446;Oxenius;Hans Götz;
P01447;Pachali;Walther;
P01448;Paetel;Karl Otto;1906-1975
P01449;Page;Marjorie L.;
P01450;Pajon;Claude;
P01451;Palestrina;;
P01452;Palucca;Gret;
P01453;Panaitios;;
P01454;Papen;Franz von;
P01455;Paquet;Alfons;1881-1944
P01456;Paracelsus;;
P01457;Pareto;Vilfredo;
P01458;Parmenides;;
P01459;Pascal;Blaise;
P01460;Paschasius Radbertus;;
P01461;Passarge;Walter;1898-1958
P01462;Paterson;William P.;1860-1939
P01463;Patritius;Franciscus;
P01464;Pauck;Marion;
P01465;Pauck;Wilhelm;
P01466;Paul;Samuel H.;
P01467;Paul von Samosata;;
P01468;Paulsen;Friedrich;
P01469;Paulus;;
P01470;Paulus;Heinrich Eberhard Gottlob;
P01471;Peale;Norman Vincent;1898-1993
P01472;Pechel;Rudolf;
P01473;Pelletier;Lucien;
P01474;Perikles;;
P01475;Pestalozzi;Rudolf ;1882-1961
P01476;Peter;Ulrich;
P01477;Peter von Ailly;;
P01478;Peterson;Erik;
P01479;Petrus;;
P01480;Petrus Aureoli;;
P01481;Petrus Cantor;;
P01482;Petrus Comestor;;
P01483;Petrus Damiani;;
P01484;Petrus Lombardus;;
P01485;Petrus Pomponatius;;
P01486;Petrus von Poitiers;;
P01487;Pfaff;Christoph Matthäus;
P01488;Pfeiffer;Erich;
P01489;Pfeiffer;Hedwig;
P01490;Pfleiderer;Otto;
P01491;Pherekydes v. Syros;;
P01492;Philipp;Werner;1908-1996
P01493;Philipp;Julius Johann;1875-1962
P01494;Philolaos;;
P01495;Philon von Alexandria;;
P01496;Picasso;Pablo;
P01497;Pico della Mirandola;Giovanni;
P01498;Pieper;Elisabeth;1897-1948
P01499;Pincus;Lily;1998-1981
P01500;Pincus;Fritz;1893-1963
P01501;Pindar;;
P01502;Pinthus;Kurt;1886-1975
P01503;Piper;Otto;1891-1982
P01504;Piscator;Erwin;1893-1966
P01505;Pitcher;Alvin;1913-1996
P01506;Pius II.;;
P01507;Pius IX.;;
P01508;Placeus;Josua;
P01509;Plank;H.;
P01510;Platen;August von;
P01511;Platon;;
P01512;Plaut;Richard;1910-1998
P01513;Plaut;Elisabeth;1906-1987
P01514;Plotin;;
P01515;Plutarch;;
P01516;Plutarch von Athen;;
P01517;Poelchau;Harald;
P01518;Pöggeler;Otto;
P01519;Poimandres;;
P01520;Pol;Heinz;
P01521;Pollock;Carlota;1905-1983
P01522;Pollock;Friedrich;1894-1970
P01523;Polykleitos;;
P01524;Pontius Pilatus;;
P01525;Porphyrios;;
P01526;Porte;Blossom T.;
P01527;Porteous;Norman;1898-2003
P01528;Portig;Gustav;
P01529;Poseidonios;;
P01530;Praechter;Karl;
P01531;Praxeas;;
P01532;Priestley;Josef;
P01533;Prinzhorn;Hans;
P01534;Proklos;;
P01535;Protagoras;;
P01536;Proudhon;Pierre-Joseph;
P01537;Proust;Marcel;
P01538;Przywara;Erich;
P01539;Pseudo-Apuleius;;
P01540;Pseudo-Hrabanus;;
P01541;Pufendorf;Samuel;
P01542;Pulver;Max;1889-1952
P01543;Pusey;Nathan M.;1907-2001
P01544;Pyrron;;
P01545;Pythagoras;;
P01546;Quenstedt;Johann Andréas;
P01547;Quesnell;Paschasius;
P01548;Quintilian;;
P01549;Radbruch;Gustav;
P01550;Radulf von Longchamp;;
P01551;Raffael;;
P01552;Ragaz;Leonhard;
P01553;Ragué;Heinrich Samuel von;
P01554;Raimundus Lullus;;
P01555;Rammelmeyer;Alfred;1910-1995
P01556;Ramus;Petrus;
P01557;Randall;John;
P01558;Ranke;Leopold von;
P01559;Rapoport;Käthe Anna;1891-1985
P01560;Rassenberg;Alfred;
P01561;Rathenau;Walter;
P01562;Rathenau;Gerhart Wolfgang ;1911-1989
P01563;Rathmann;August;1895-1995
P01564;Ratramnus;;
P01565;Ratschow;Carl Heinz;1911-1999
P01566;Rau;Dr.;
P01567;Rauschenbusch;Walter;
P01568;Raven;Charles E.;1885-1964
P01569;Redcliffe-Maud;John;1906-1982
P01570;Redlich;Fritz;
P01571;Reichl;Otto;
P01572;Reichwein;Adolf;
P01573;Reid;Thomas;
P01574;Reil;Johann Christian;
P01575;Reimarus;Hermann Samuel;
P01576;Reiners;Joseph;
P01577;Reinhard;Franz Volkmar;
P01578;Reinhardt;Karl;1886-1958
P01579;Reinhardt ;Elly;
P01580;Reitzenstein;Richard;
P01581;Rembrandt van Rijn;;
P01582;Renan;Ernest;
P01583;Reni;Guido;
P01584;Renoir;Auguste;
P01585;Resch;Alfred;
P01586;Reston;James;
P01587;Reuchlin;Johannes;
P01588;Reuter;Hermann;
P01589;Reutern von;Ilsemargot;1896-1977
P01590;Révész;Géza;1878-1955
P01591;Révész;Magdolna;1885-1972
P01592;Rhein;Christoph;
P01593;Rhein;Ernst;1885-1969
P01594;Rheindorf;Kurt;
P01595;Rhine;Maria;1896-1975
P01596;Ricardo;David;
P01597;Richard;Jean;
P01598;Richard III.;;
P01599;Richard von Middletown;;
P01600;Richard von St. Viktor;;
P01601;Richter;Julius;1862-1940
P01602;Richter;Liselotte;1906-1968
P01603;Richter;Werner;1887-1960
P01604;Richter;Ludwig;
P01605;Ricken;Heinrich;
P01606;Riehl;Aloys;
P01607;Riesman;David;1909-2002
P01608;Riesman;Evelyn Hastings;
P01609;Riesman;David;
;;;
P01611;Riezler;Kurt;1882-1955
P01612;Rilke;Rainer Maria;
P01613;Rimbaud;Arthur;
P01614;Rist;Johann;
P01615;Ritschl;Albrecht;
P01616;Ritschl;Otto;
P01617;Rittelmeyer;Friedrich;
P01618;Ritter;Karl Bernhard;
P01619;Rivera;Diego;
P01620;Rivera;José Eustasio;
P01621;Rivers;William Halse Rivers;
P01622;Robert;Ulrich;1888-1952
P01623;Robert Grosseteste;;
P01624;Robert von Melun;;
P01625;Roberts;David;
P01626;Robertson;D.B.;1915-1986
P01627;Robinet;Jean-Baptiste-René;
P01628;Robinson;John;
P01629;Rochol;Hans;
P01630;Rodbertus;Johann Karl;
P01631;Rode;Werner;
P01632;Roethe;Gustav;1859-1926
P01633;Roger von Marston;;
P01634;Rohde;Erwin;
P01635;Röhr;Johann Friedrich;
P01636;Röhricht;Eberhard;
P01637;Röhricht;Rainer;
P01638;Romoser;Nancy C.;
P01639;Romulus;;
P01640;Roosevelt;Eleanor;1884-1962
P01641;Roosevelt;Franklin D.;
P01642;Ropers;Margret;
P01643;Roscelin;;
P01644;Rosenberg;Alfred;
P01645;Rosenfeld;Kurt;1877-1943
P01646;Rosengrant;Harry W.;1892-1970
P01647;Rosenkranz;Karl;
P01648;Rosenstock- Huessy;Eugen;1888-1973
P01649;Rosenzweig;Franz;
P01650;Rothacker;Erich;
P01651;Rothe;Richard;
P01652;Rotholz;Dr. ;
P01653;Rousseau;Jean-Jacques;
P01654;Rubens;Peter Paul;
P01655;Rubinstein;Nina;1908-1996
P01656;Rudolph;Ina;
P01657;Rueter;Ernest A.;
P01658;Rufus;Mutianus;
P01659;Rühle;Oskar;
P01660;Rumpf;Josefine;1901-1938
P01661;Ruprecht;Günther;1898-2001
P01662;Rusk;Dean;
P01663;Russell;Bertrand;
P01664;Rust;Bernhard;1883-1945
P01665;Rüstow;Alexander;
P01666;Rüstow Aubrey;Rachel;
P01667;Ruth;John L.;
P01668;Ruysdael;Jakob van;
P01669;Rychner;Max;
P01670;Sabatier;Auguste;
P01671;Sabellius;;
P01672;Sacharja;;
P01673;Sachs;Emmy;
P01674;Sahl;Hans;1902-1993
P01675;Saint-Martin;Louis-Claude de;
P01676;Saint-Simon;Henri de;
P01677;Salomo;;
P01678;Salomon;Albert;1883-1976
P01679;Salomon;Gottfried;1892-1964
P01680;Salz ;Lotte;1895?-1925
P01681;Samuel;Richard Herbert ;1900-1983
P01682;Sanchez;;
P01683;Sankara;;
P01684;Santayana;George;
P01685;Saoshyant;;
P01686;Sara;;
P01687;Sargon von Akkad;;
P01688;Sartre;Jean-Paul;
P01689;Savigny;Friedrich Karl von;
P01690;Savonarola;;
P01691;Saxl;Fritz;1890-1948
P01692;Schacht;Hjalmar;
P01693;Schaeder;R.;
P01694;Schaeder;Erich;
P01695;Schäfer;Wilhelm;
P01696;Schäfer-Kretzler;Karin;
P01697;Schafft;Hermann;1883-1959
P01698;Schafft;Johanna;
P01699;Schafft;Julius;
P01700;Schairer;Reinhold;1887-1971
P01701;Schaumann;Leopold;
P01702;Scheffler;Karl;
P01703;Scheffler;Ludwig von;
P01704;Scheler;Max;
P01705;Schelling;Caroline;
P01706;Schelling;Friedrich Wilhelm Joseph;
P01707;Schemens;Harns;
P01708;Schetelig;Wilhelm;
P01709;Schiller;Karl;1911-1994
P01710;Schiller;Friedrich von;
P01711;Schischkoff;Georgi;1912-1991
P01712;Schlabrendorff;Ursula von;1905
P01713;Schlatter;Adolf;
P01714;Schlegel;Erich;
P01715;Schlegel;August Wilhelm;
P01716;Schlegel;Dorothee;
P01717;Schlegel;Friedrich von;
P01718;Schleiermacher;Friedrich Daniel Ernst;
P01719;Schlesinger;Arthur;
P01720;Schlick;Moritz;
P01721;Schlink;Edmund;1903-1984
P01722;Schmalenbach;Marie;
P01723;Schmidt;Johann;
P01724;Schmidt;Karl Ludwig;1891-1956
P01725;Schmidt;Erich;
P01727;Schmidt;Ruth;
P01728;Schmidt-Rottluff;Karl;
P01729;Schmidt-Stöcker;Marga;
P01730;Schmitt;Carl;
P01731;Schneeberger;Friedrich;
P01732;Schneider;Alexander;
P01733;Schoenfeld;Hans;
P01734;Scholder;Klaus;
P01735;Scholem;Gerhard;
P01736;Schölling;Friedrich Wilhelm;
P01737;Scholz;Heinrich;1884-1956
P01738;Schönfeld;Hans;1900-1954
P01739;Schopenhauer;Arthur;
P01740;Schreiber;Hans;
P01741;Schreiner;Helmuth;1893-1962
P01742;Schrempf;Christoph;
P01743;Schrey;Heinz-Horst;1911-1993
P01744;Schröder;;
P01745;Schubert;Daniel;1886-1975
P01746;Schultz;Wally P.;
P01747;Schultz-Hencke;Harald;
P01748;Schulze;Gottlob Ernst;
P01749;Schumann;Friedrich Karl;
P01750;Schürer;Emil;
P01751;Schurtz;Heinrich;
P01752;Schurz;Carl;
P01753;Schüßler;Werner;
P01754;Schütz;Heidi;
P01755;Schütz;Klaus;
P01756;Schwarz;Hans;*1939
P01757;Schwegler;Albert;
P01758;Schweitzer;Carl Gunther;1889-1965
P01759;Schweitzer;Albert;
P01760;Schwenkfeld;Kaspar;
P01761;Schwind;Moritz von;
P01762;Seeberg;Erich;1888-1945
P01763;Seeberg;Reinhold;1859-1935
P01764;Seeberger;Elisabeth;1893-
P01765;Seeberger;Erhard;1891-1969
P01766;Seewald;Richard;1889-1976
P01767;Seger;Gerhart;1896-1967
P01768;Seidlin;Oskar;1911-1984
P01769;Seleukos von Seleukia;;
P01770;Selig;Anna;* um 1898
P01771;Seligmann;Eleonore;1909-1977
P01772;Semler;Johann Salomo;
P01773;Seneca;;
P01774;Sergel;Sherman L.;
P01775;Seurat;Georges;
P01776;Shaftesbury;Anthony A. C.;
P01777;Shakespeare;William;
P01778;Shane;Eva;
P01779;Shelton;O.L.;
P01780;Shugg;Roger W.;
P01781;Siebeck;Hans Georg;
P01782;Siebeck;Oskar;1880-1936
P01783;Siebeck;Paul;1855-1920
P01784;Siebeck;Hermann;
P01785;Siegfried;Friedrich Alfred Theodor;1894-1971
P01786;Siegmund-Schultze;Friedrich;1885-1969
P01787;Siemsen;Hans;1891-1969
P01788;Siger von Brabant;;
P01789;Sigerist;Henry E.;
P01790;Sigwart;Christoph;
P01791;Siirala;Aarne;1919-1991
P01792;Simeon;;
P01793;Simmel;Georg;
P01794;Simon;Hugo;1880-1950
P01795;Simon von Tournay;;
P01796;Simons;Hans;1893-1972
P01797;Simplicius;;
P01798;Sinclair;Elsa M.;
P01799;Singer;Charles;
P01800;Sinzheimer;Hugo Daniel ;1875-1945
P01801;Sinzheimer;Paula Johanna ;1890-1960
P01802;Sixtus II.;;
P01803;Skinner;Burrhus F.;
P01804;Smith;Adam;
P01805;Smith;Robertson W.;
P01806;Smith;Norman Kemp ;1872-1958
P01807;Sobernheim;Clara;1888-1963
P01808;Socrates;;
P01809;Soden;Hans Freiherr von;
P01810;Soederblom;Nathan;
P01811;Sohn-Rethel;Alfred;1899-1990
P01812;Sokrates;;
P01813;Sollmann;Wilhelm;
P01814;Solon;;
P01815;Solowjew;Wladimir;
P01816;Sombart;Werner;
P01817;Sommerfeld;Martin;
P01818;Sophokles;;
P01819;Sorel;Georges;
P01820;Sozzini;Fausto;
P01821;Spalatin;Georg;
P01822;Spangenberg;Peter;*1934
P01823;Spann;Othmar;
P01824;Spann;Meno Hans;1903-1991
P01825;Speier;Hans;1905-1990
P01826;Spencer;Herbert;
P01827;Spener;Philipp Jakob;
P01828;Spengler;Oswald;
P01829;Spiecker;Johannes;
P01830;Spiegelberg;H.;
P01831;Spiegelberg;Friedrich;1897-1994
P01832;Spiegelberg;Rosalie;gest. 1968
P01833;Spiero;Sabine;1901-2000
P01834;Spinoza;Baruch de;
P01835;Spranger;Eduard;
P01836;Staël;Germaine Baronin de;
P01837;Stahl;Friedrich Julius;
P01838;Stahl;Georg Ernst;
P01839;Stählin;Wilhelm;1883-1975
P01840;Stalin;Josef;
P01841;Stammler;Rudolf;
P01842;Stanley;Stanley;
P01843;Stapel;Wilhelm;
P01844;Starbuck;Edwin D.;
P01845;Statius;Publius Papinius;
P01846;Stauchnger;Else;
P01847;Staudinger;Hans;1889-1980
P01848;Stäudlin;Carl Friedrich;
P01849;Stauffer;Ethelbert;
P01850;Steffen;Bernhard;
P01851;Stein;Heinrich Freiherr vom;
P01852;Stein;Lorenz von;
P01853;Steiner;Rudolf;
P01854;Steinhausen;Hermann;
P01855;Steinweg;Gertrud;1899–1976
P01856;Stephan;Horst;
P01857;Stephanus;;
P01858;Stepun;Fedor;1884-1965
P01859;Sternberger;Dolf;1907-1989
P01860;Steudel;Friedrich;
P01861;Stewart;Ann C.;
P01862;Sthamer;Margarete;
P01863;Stietencron;Fides Baronin von;1907-1984
P01864;Stirner;Max;
P01865;Stöber;Gertraut;
P01866;Stöcker;Adolf;
P01867;Stöcker;Lydia;
P01868;Stocks;John Leofric;1882-1937
P01869;Stocks;Mary Danvers;1891-1975
P01870;Stoevesandt;Karl;1882-1977
P01871;Stolper;Toni;
P01872;Stolzenburg;Arnold;
P01873;Storr;Gottlob Christian;
P01874;Strabo;;
P01875;Strathmam;Gerhard;
P01876;Strathmann;Hermann;1882-1966
P01877;Straton;;
P01878;Strauß;David Friedrich;
P01879;Strawinsky;Igor;
P01880;Strigel;Viktorin;
P01881;Strindberg;August;
P01882;Suarez;Franz;
P01883;Suenens;Leon J.;
P01884;Sueton;;
P01885;Süskind;Friedrich Gottlob;
P01886;Süßmilch;Johann Peter;
P01887;Swenson;David F.;
P01888;Sydow;Gertrud von;
P01889;Sydow;Eckart von;1885-1942
P01890;Takeuchi;;
P01891;Tatian;;
P01892;Taubes;Jacob;1923-1987
P01893;Teilhard de Chardin;Pierre;
P01894;Telesius;Bernardus;
P01895;Teller;Wilhelm Abraham;
P01896;Temple;William;
P01897;Tennesee;Williams;
P01898;Terrien;Cecile;
P01899;Tersteegen;Gerhard;
P01900;Tertullian;;
P01901;Tetens;Johann Nicolaus;
P01902;Thales von Milet;;
P01903;Theek;Bruno;
P01904;Thélin;George;
P01905;Themel;Karl;
P01906;Themistokles;;
P01907;Theodor von Mopsuestia;;
P01908;Theodorus Atheos;;
P01909;Theodosius der Große;;
P01910;Thielicke;Helmut;1908-1986
P01911;Thierry von Chartres;;
P01912;Thomas;Wilhelm;
P01913;Thomas Bradwardine;;
P01914;Thomas von Aquin;;
P01915;Thomas von Kempen;;
P01916;Thomasius;Christian;
P01917;Thompson;Dorothy;1893-1961
P01918;Thorndyke;Lynn;
P01919;Thrita;;
P01920;Thurneysen;Eduard;
P01921;Tiburtius;Joachim;
P01922;Tieftrunk;Johann Heinrich;
P01923;Tiele;Cornelius Petrus;
P01924;Tillich;Ernst;
P01925;Tillich;Hannah;
P01926;Tillich;Johannes Oskar;1857-1937
P01927;Tillich;Margarete;1867-1925
P01928;Tillich;Oskar;1828-1914
P01929;Tillich;René;geb. 1935
P01930;Tillich;Paul;1886-1965
P01931;Tillich;Wilhelmina Mathilde;1860-1903
P01932;Tillich;Marie;1827-1916
P01933;Tillich;Margarete;1888-1968
P01935;Tillich;Mary;
P01936;Tillich;Klaus Eberhard;
P01937;Tillich;Randell Wild;
P01939;Tillich;Wolf;
P01940;Timaios;;
P01941;Timon von Athen;;
P01942;Tindal;Matthew;
P01943;Tittmann;Johann August Heinrich;
P01944;Titus Livius;;
P01945;Tizian;Vercellio;
P01946;Tojo;Hideki;
P01947;Toland;John;
P01948;Toller;Ernst;
P01949;Tolstoi;Lew Nikolajewitsch;
P01950;Tönnies;Ferdinand;
P01951;Toscanini;Arturo;
P01952;Toynbee;Arnold J.;
P01953;Traub;Friedrich;
P01954;Trauz;Christoph Friedrich;
P01955;Treitschke;Heinrich von;
P01956;Trendelenburg;Adolf;
P01957;Tretjakow;Sergej Michailowitsch;
P01958;Troeltsch;Ernst;
P01959;Trotha;Carl-Dietrich von;
P01960;Trotter;;
P01961;Truman;Harry;
P01962;Tschackert;Paul;
P01963;Tucher;Maria von;
P01964;Tzschirner;Heinrich Gottlieb;
P01965;Uccello;Paolo;
P01966;Ueberweg;Friedrich;
P01967;Uexküll;Jakob Johann Baron von;
P01968;Uhde;Fritz von;
P01969;Ulich;Robert;1890-1977
P01970;Ulrich;Thomas;
P01971;Ulrich von Straßburg;;
P01972;Unruh;Fritz von;
P01973;Urban IV.;;
P01974;Urne;Adolph;
P01975;Urner;Hans;
P01976;Usener;Ilse;
P01977;Usener;Karl Hermann;1905-1970
P01978;Uytenbogaert;Johannes;
P01979;Vaihinger;Hans;
P01980;Valentin;V.;
P01981;Valla;Laurentius;
P01982;Van de Velde;Thylberte;1904-1955
P01983;Van de Water;Adrianus Pieter;1896-1951
P01984;Van der Hoop;Johannes Hermanus;1887-1950
P01985;Van der Mandele;Karel Paul ;1880-1975
P01986;Van der Smissen;Gilbert;1887-1915
P01987;Van Eyck;Jan;
P01988;Van Gogh;Vincent;
P01989;Varnhagen von Ense;Rahel;
P01990;Varro;;
P01991;Venturini;Karl Heinrich;
P01992;Vergil;;
P01993;Vesalius;Andreas;
P01994;Vico;Giambattista;
P01995;Vielhaber;Erika;
P01996;Viénot;Pierre;
P01997;Viergatz;Ella;
P01998;Vierkandt;Alfred;
P01999;Viertel;Berthold;1885-1953
P02000;Vischer;Friedrich Theodor;
P02001;Visser ‘t Hooft;Adolf Willem ;1900-1985
P02002;Visser ’t Hooft;Willem Adolf;1900-1985
P02003;Vitzthum;Elisabeth Gräfin von;
P02004;Vives;Ludovicus;
P02005;Voetius;Gisbert;
P02006;Vogel;Käthe;
P02007;Vogt;Wolfgang;
P02008;Vogtbang;Erich;
P02009;Volckmar;;
P02010;Vollmer;Antje;
P02011;Voltaire;;
P02012;von Sydow;Eckart;1885-1942
P02013;Vorwerk;Friedrich;
P02014;Vyscheslavzeff;Boris P.;
P02015;Vyšeslavcev;Boris;1877-1954
P02016;;Elisabeth;
P02017;Wackenroder;Wilhelm Heinrich;
P02018;Wald;George;
P02019;Walter von St. Viktor;;
P02020;Warschauer;Ernst;1889-1972
P02021;Weber;Max;
P02022;Weckerling;Rudolf;
P02023;Wedell;Hanna;
P02024;Wegener;Carl Richard;1883-1967
P02025;Wehowsky;Stephan;
P02026;Weigel;Valentin;
P02027;Weil;Hans;1902-1998
P02028;Weil;Paul;
P02029;Weil;Herman;
P02030;Weinel;Heinrich;
P02031;Weiß;Johannes;
P02032;Weiss;Konrad;1907-1979
P02033;Weiße;Hermann Christian;
P02034;Weißenberg;Joseph;
P02035;Weitling;Wilhelm;
P02036;Wellhausen;Julius;
P02037;Wendland;Heinz-Dietrich;1900-1992
P02038;Wendriner;Karl Georg;1885-1943
P02039;Wendt;Hans Hinrich;
P02040;Werckshagen;Carl;
P02041;Werdermann;Hermann;
P02042;Werfel;Franz;
P02043;Werner;Louise;
P02044;Werner;Jean Otto Nikolaus ;1865-1943
P02045;Werner;Marie Luise;1894-1978
P02046;Wernle;Paul;
P02047;Werth;Christoph H.;
P02048;Wertheimer;Max;
P02049;Wesley;John;
P02050;Wette;Wilhelm de;
P02051;Wever;Eva;1890-
P02052;Wever;Wilhelm;1855-1929
P02053;Wever;Mathilde;1862-1950
P02054;Wever;Wolf;
P02055;Weyer;Johannes;
P02056;White;Julian M.;
P02057;Whitehead;Alfred North;
P02058;Wibbeling;Wilhelm;
P02059;Wichert;Maray;1890-1966
P02060;Widern;Johann Hinrich;
P02061;Wieck;Fred;
P02062;Wieland;Christoph Martin;
P02063;Wieman;Henry Nelson;
P02064;Wiener;Max;
P02065;Wiese;Leopold von;
P02066;Wiesenthal;Simon;1908-2005
P02067;Wigman;Mary;
P02068;Wilamowitz-Moellendorf;Ulrich von;
P02069;Wild;John;
P02070;Wilde;Oscar;
P02071;Wilder;Thornton;
P02072;Wilhelm;Richard;
P02073;Wilhelm I., Kaiser;;
P02074;Wilhelm II., Kaiser;;
P02075;Wilhelm von Auvergne;;
P02076;Wilhelm von Champeaux;;
P02077;Wilhelm von Conches;;
P02078;Wilhelm von Ockham;;
P02079;Wilhelm von St.Thierry;;
P02080;Wilhelm von Ware;;
P02081;Will;Robert;1869-1959
P02082;Williams;Tennesee;
P02083;Wilpert;Paul;1906-1967
P02084;Winckelmann;Frida;
P02085;Winckler;Hugo;
P02086;Windelband;Wilhelm;
P02087;Wingolf Verbindung;;
P02088;Winkelmann;Frida;
P02089;Winkler;Toni;
P02090;Winkler;Gerhard;
P02091;Wintermann;Rudolf;
P02092;Wissowa;Georg;
P02093;Witelo;;
P02094;Witt;Friedrich Wilhelm;
P02095;Witte;Hermann;
P02096;Wittig;Joseph;
P02097;Wobbermin;Georg;
P02098;Wolfers;Arnold;1892-1968
P02099;Wolff;Kurt;
P02100;Wolff;Christian;
P02101;Wolff-Windegg;Philipp;
P02102;Wölfing;Max;1847-1928
P02103;Wöllner;Johann Christoph;
P02104;Wood;George Herbert;1879-1963
P02105;Worringer;Wilhelm;
P02106;Wrede;William;
P02107;Wttoichn;Karl Heinrich von;
P02108;Wulf;Melvin L.;
P02109;Wundt;Max;
P02110;Wundt;Wilhelm;
P02111;Wünsch;Georg;
P02112;Wüstemann;Adolf Karl Friedrich Gustav;1901-1966
P02113;Wyclif;John;
P02114;Xenophanes;;
P02115;Xenophon;;
P02116;Xerxes;;
P02117;Young;Owen D.;
P02118;Zabarella;Jacob;
P02119;Zanchi;Girolamo;
P02120;Zarathustra;;
P02121;Zarncke;Lilly;
P02122;Zehrer;Hans;
P02123;Zeller;Eduard;
P02124;Zeno;;
P02125;Zervos;Christian;1889-1970
P02126;Zilboorg;Gregory;
P02127;Zimmern;Heinrich;
P02128;Zinzendorf;Nikolaus Ludwig Graf von;
P02129;Zola;Émile;
P02130;Zöllner;Wilhelm;
P02131;Zscharnack;Leopold;
P02132;Zschorsch;Gertrud;
P02133;Zuckmayer;Carl;
P02134;Zur Nieden;Arnold;
P02135;Zweig;Friderike;
P02136;Zweig;Stefan;
P02137;Zwingli;Ulrich;
P02138;;Charlotte;
P02139;Rickert;Heinrich;1863-1936
P02140;Kaumann;E.;
P02141;Reuter;Fritz;1810-1874
P02142;Heller;Otto;
P02143;Schwarzkopf;;
P02144;Pulkowski;;
P02145;Münchhausen;Börries Albrecht Conon August Heinrich Freiherr von;
P02146;Tielking;;
P02147;Schüssler;;
P02148;Adrienne;;
P02149;Martel;Rachel;
P02150;Wagner;Richard;
P02151;Vethake;Hans;
P02152;Schlemm;;
P02153;Fink;;
P02154;Meyer zu Stieghorst;;
P02155;Kachler;;
P02156;Goebel;;
P02157;Hancke;;
P02158;Stosch;Martin;
P02159;Voget;Hans;
P02160;Oberschmidt ;;
P02161;Nickelby;C.;
P02162;Varchmin;;
P02163;Nell;W.;
P02164;Winkler;;
P02165;Gaul;;
P02166;Lorenz;;
P02167;Hessig;;
P02168;Jungklaussen;;
P02169;Heermann;;
P02170;Veit;;
P02171;Zentgraf;;
P02172;Schuster;Daniel;
P02173;Struckmaier;;
P02174;;Daniel;Potentiell Daniel Schuster!
P02175;Hanffstengel;Karl von;
P02176;Heienbrok;;
P02177;Nöck;;
P02178;Weitz;;
P02179;Müller;;
P02180;Heine ;;
P02181;Sessow;;
P02182;Van der Smissen;Wilm;
P02183;Dennert;Eberhard;1861-1942
P02184;Zahn;Theodor;1838-1933
P02185;Hanffstengel ;Georg von;
P02186;Hanffstengel;Otto von;
P02187;Bertheau;Hans;
P02188;Kalfhaus;;
P02189;Meyersieck;;
P02190;Ebers;;
P02191;Van der Smissen;Heinrich;
P02192;Erdmann;;
P02193;Scheurich;;
P02194;Spatz;;
P02195;;Jonas;
P02196;;Schwester Therese;
P02197;Gaiser;;
P02198;Buss;;
P02199;Häfele;;
P02200;;Käte;
P02201;Fritz;Immanuel;
P02202;Banzhaf;;
P02203;;Trude;
P02204;Bebel;August Ferdinand;1840-1913
P02205;Singer;Paul;1844-1911
P02206;Vanderwelde;Émile;1866-1938
P02207;Zetkin;Clara;1857-1933
P02208;Hutter;Leonhard;1563-1616
P02209;Beyschlag;Willibald;1823-1900
P02210;Wergenthaler;;
P02211;Auel;;
P02212;Kremer;;
P02213;Stelz;;
P02214;Wittekindt;;
P02215;Frau Wendelmuth;;
P02216;Gräber;;
P02217;Titius;Arthur;1864-1936
P02218;Smend;Rudolf;1851-1913
P02219;Ritter;Rudi;
P02220;Jarcke;;
P02221;Jülicher;Adolf;1857-1938
P02222;Landmann;F.;
P02223;Fanerod;Jeanne;
P02224;Flittner;Else;
P02225;Diehl;;
P02226;Stieglitz;;
P02227;Weißenborng;Hans;
P02228;Dürselen ;Paul Rudolf;1862-
P02229;Dürselen;Johanna Amalia Eugenie;1842-1909
P02230;;Anton von;
P02231;;Emma;
P02232;Solberger;Maria ;
P02233;Schilling;Lottchen;
P02234;Schilling;Edith;
P02235;Schilling;Gerda;
P02236;Hanffstengel;;
P02237;Engelmann;;
P02238;Heintze;Hans Karl Ludwig Theodor;amt. Lindtorf 1883-1922
P02239;Hessel;;
P02240;;Else;
P02241;Dürselen;Gustav;1816-1909
P02242;Dürselen;Amalia Gertrud;1835-1883
P02243;Elbrechts;;
P02244;;Onkel Walz;
P02245;;Hüpfer;
P02246;Pastor Schmidt ;;
P02247;Hessig;O.;
P02248;Grill;Julius;
P02249;Wurster;Paul von;
P02250;Storm;Theodor;
P02251;Dinglinger;;
P02252;Raabe;Wilhelm Karl;1831-1910
P02253;Pfisterer;Immanuel;
P02254;Grundlies ;Ernst;
P02255;Zimmermann;;
P02256;Kunsemüller;;
P02257;;Lepsius;
P02258;Höfer;;
P02259;Heine ;;
P02260;Wichel ;Käthe;
P02261;Krause;Friederike;
P02262;Krause;Anna;
P02263;;Onkel Adolf;
P02264;;Conrad;
P02265;;Gerty;
P02267;Gründler;Ernst;
P02268;Jäger;;
P02269;Starke;;
P02270;Grüber;;
P02271;;Hans;
P02272;Kraut;;
P02273;Valentinus;Gnosticus;
P02274;Steuernagel;Carl;1869-1958
P02275;Weiss;Karl Philipp Bernhard;1827-1918
P02276;Bromisch;;
P02277;Fritz;;
P02278;Zahn;Ernst;
P02279;Büchsel-Giesebrecht;Dorothea Amalie Friederike;1853-1926
P02280;Büchsel;Johannes Friedrich Wilhelm;1849-1920
P02281;Bachmann-Büchsel;Marie Elisabeth;*1869
P02282;Büchsel;Karl Wilhelm Konrad;*1882
P02283;Büchsel;Hermann Martin Friedrich;*1883
P02284;Büchsel;Johannes Karl;*1885
P02285;Bindemann-Büchsel;Anna Dorothea;*1875
P02286;Weizsäcker;Carl Heinrich;1822-1899
P02287;;Sepp;
P02288;Bakel;Hendrik Anton van;1871-1948
P02289;;Menzel/Wenzel?;
P02290;Grimm;;
P02291;Schubart;Christoph;
P02292;Schubart;Friedrich Winfried;1847-1918
P02293;Hartmann;Richard;
P02294;Mackensen;Fritz;
P02295;Makrina;;
P02296;Firmilian von Caesarea;;
P02297;Malchion;;
P02298;Zänker;Otto;
P02299;Stein;Hermann Christlieb Matthäus ;
P02300;Wild;Adolf Heinrich;
P02301;Neumeister;Eckhardt;
P02302;Jaurès;Jean;1859-1914
P02303;Bertheau;Hermann;
P02304;Kittel;Rudolf;
P02305;Theologische Fakultät der Universität Berlin;;
P02306;Verlag Vandenhoeck & Ruprecht;;
P02307;Bunge;Gustav von;1844-1920
P02308;Damaschke;Adolf;1865-1935
P02309;Krohn;Hildegard;1892-1943
P02310;Woitschach;;
P02311;Hildebrandt;Else;1894-1943
P02312;Dresler und Scharfenstein;Wilhelm Ernst Hermann von ;1857–1942
P02313;Kinzel;Eberhard;
P02314;Kappes;Heintz;1893 - 1988
P02315;Erb;;
P02316;Schultz;Bruno;1894-1987
P02317;Jahn;Georg;1885-1962
P02318;Spamer;Adolf;1883-1953
P02319;Gumplowicz;Ludwig;1838-1909
P02320;Mehlis;Prof.;
P02321;Lederer;Emil;1882-1939
P02322;Vleugels;Wilhelm;1893-1942
P02323;Meusel;Alfred;1896-1960
P02324;Leonhard;Franz;1870-1950
P02325;Winkowsky;von;
P02326;Krubin;;
P02327;Gronau;Johann (Hans) Karl Hermann von ;1850–1940
P02328;Kluck;Alexander Heinrich Rudolph von ;
P02329;Ahrens;;
P02330;Pescatore/Peskatore;Dominik von;*12.04.1879
P02331;Freud;;
P02332;Dietrich;;
P02333;Heireke;;
P02334;Rosental;;
P02335;Müller;;
P02336;Giese;;
P02337;Böke;;
P02338;Schetelig;;
P02339;Mensching;;
P02340;Felden;;
P02341;Büttner;;
P02342;Groeber;;
P02343;Bronisch;Gotthelf Matthias;1868-1937
P02344;Portig;;
P02345;Fritsch;;
P02346;Heydemeyer;;
P02347;Schafft;Sepp;
P02348;Brachmann;Johannes;
P02349;Schornbaum;;
P02350;Grießhammer;;
P02351;Rupprecht;;
P02352;Weber;Hans Emil;
P02353;Hopfmüller;;
P02354;Behrens;;
P02355;Dürr;Erich;1889-??
P02356;Vandewater;;
P02357;Borchers;Frau;
P02358;Medicus;Clara;
P02359;;Anna;
P02360;Walker;Gisela;
P02361;Herrmann;Christian;1890–1953
P02362;Ossipowna;Amalija ;
P02363;Stepun;Natalja Nikolaevna;
P02364;Fondaminski;Ilja Issidorowitsch;
P02365;Schwarz;;
P02366;;Elis;
P02367;;Lydia;
P02368;Bogmann;;
P02369;Cordier;von;
P02370;Müller;Karl;1852-1940
P02371;Johann Quistorp der Ältere;;1554-1648
P02372;Hollaz;David;1648-1713
P02373;Gelderblom;Hans;1897-1966
P02374;Gottschalk;;
P02375;Bensch;;
P02376;Keyserling-Bismarck;Gräfin Goedela;
P02377;Schnitzler;;
P02378;Theel;;
P02379;Hafemann;Richard;
P02380;Bolkansky;;
P02381;Holzapfel;;
P02382;Hukmann;;
P02383;Zähringer;;
P02384;Bublitz;;
P02385;Kilger;Joh.;
P02386;Neumeister;Käthe;
P02387;Heldmann;;
P02388;Frey;Emmy;
P02389;Mislin;Hans;1907-1993
P02390;Mislin;Mutter von Herrn Mislin;
P02391;Adickes;Erich;
P02392;Manzenstein;;
P02393;Lothauser;;
P02394;Teniers;David;1610–1690
P02395;SPD Gross-Frankfurt;;
P02396;Riezler;Walter;1878-1965
P02397;amerikanischer Professor;;
P02398;Schultz;Franz;1877-1950
P02399;Schultz;Hildegard;
P02400;Riezler;Käthe;1885-1952
P02401;Gelb;Nelly;1888-1969
P02402;Weil;Felix;1889-1975
P02403;Gonzala;Anita;1901-1953
P02404;Weil;Käthe;
P02405;Wolfers;Doris;
P02406;Hermelink;Heinrich;1877-1958
P02407;Hölscher;Gustav;1877-1955
P02408;Schairer;Gerda;
P02409;von Sydow;Elfriede Margarete;*1856
P02410;von Sydow;Helene Antonie Mathilde Kathinka;*1881
P02411;Hirzel;Stephan;1899-1970
P02412;Pallenberg;Max;1877-1934
P02413;Grimme;Mascha;
P02414;Königs;;
P02415;Wagner;;
P02416;Bienert;Friedrich;1891-1969
P02417;;Wolfgang;
P02418;Viergutz;Paul;
P02419;;Gretha;
P02420;Kloppenburg;Heinrich;1903-1986
P02421;Billström;Astrid;
P02422;Aster;Ernst von;1880-1948
P02423;Dixelius - von Aster;Hildur Emma Eufrosyne;1879-1969
P02424;Erdmann;Carl;
P02425;Herrmann;Heinrich;
P02426;Gerullis;Georg;1888-1945
P02427;Mayer-Kulenkampff;Lina;1886-1971
P02428;Johnson;Alvin;1874-1971
P02429;Blum;Suzanne;
P02430;Schümer;Anja;
P02431;Frey;Dagobert;1883-1962 
P02432;Worringer;Wilhelm Robert;1881-1965
P02433;Riegl;Alois;1858-1905
P02434;Frankl;Paul;1878-1962
P02435;Dvořák;Max;1874-1921
P02436;Wölfflin;Heinrich;1864-1945
P02437;Coellen;Ludwig;1875-1945
P02438;Brinckmann;Albert Erich ;1881-1958
P02439;Pinder;Wilhelm;1878-1947
P02440;Passarge;;
P02441;Hamburger;Hans;1889-1956
P02442;Jessen;Malla;
P02443;Graf von Schwerin;;
P02444;Dreyfuß;Carl;
P02445;Verlag Mohr Siebeck (Institution);;
P02446;Braun;Otto;1872-1955
P02447;Stoevesandt;Erika Opelt;1919-2013
P02448;Janentzky;Christian;1886-1968
P02449;Thurmann;Horst;1911-1999
P02450;Borenz;;
P02451;Thomas ;;
P02452;Thurmann;Theodor;1882-1955
P02453;Thurman;Howard;1899-1981
P02454;Bächtold;Hermann;1882-1934
P02455;Hoenisch;Ernst;
P02456;Pange;Johann;
P02457;Schröer;Eduard;
P02458;Kawerau;Walter;
P02459;Amsler;Hermann;
P02460;Spitta;Walter;
P02461;Keck;Karl;
P02462;Preußisches Ministerium für Wissenschaft, Kunst und Volksbildung;;
P02463;Hülsen;Ernst von;28.11.1875-01.11.1950
P02464;Detert;Ernst;
P02465;Döring;Hans;
P02466;Döring;;
P02467;Haussig;Friedel;
P02468;Fuchs;Emil;
P02469;Bargheer;Ernst;
P02470;Nägel;Adolph;16.12.1875 -17.09.1939
P02471;Seeberg;Margot;
P02472;Hochheimer;;
P02473;Seeberg;Bengt;1914-1944
P02474;Cordier;Leopold;1887-1939
P02475;Sulzbach;;
P02476;Windelband;Wolfgang;31. August 1886 - 27. November 1945
P02477;Frentzel;;
P02478;Starkloff;;
P02479;Kirchner;Joachim;
P02480;Schwietering;Julius;
P02481;Stephan;Waltraut;
P02482;Naumann;Hans;
P02483;Melissandros;;
P02484;Lammers;Aloys; 22. Dezember 1877- 24. Juni 1966
P02485;Koehler;Karl Franz;
P02486;Lennert;Rudolf;
P02487;Riedel;Margarete;
P02488;Küntzel;Georg;
P02489;Netter;Emil;
P02490;Hindenburg;Paul von;
P02491;Henke;Alfred;
P02492;Sellin;Ernst;1867-1946
P02493;Ministerialrat;;
P02494;Sulzbach;Walter;1889-1969
P02495;Sulzbach;Maria ;
P02496;Häberle;;
P02497;Rosenbusch;Agnes;
P02498;Nida;;
P02499;Schultz;Franz;1877-1950
P02500;Gehse;Fritz;
P02501;Weinstock;Heinrich;1889-1860
P02502;Severing;Carl;1875-1952
P02503;Protte;Alfred;1902-1977
P02504;Pflug;Hans;1900-1952
P02505;Wehrung;Georg;1880-1959
P02506;Gross;Alla Barbara;*1932
P02507;Seeberg;Amanda;gest. 1933
P02508;Platzhoff;Walter;1881-1969
P02509;Gundolf;Elisabeth;1893-1958
P02510;Krieck;Ernst;1882-1947
P02511;Siemsen;Gertrud;1908-?
P02512;Gehlen;Arnold;
P02513;Chraneu?;;
P02514;Prinzhorn Wolhard;;
P02515;May;Ernst;1886-1970
P02516;;Helena;
P02517;Wittkowski;Edith;
P02518;;Nora;
P02519;Kaden;Lalla;
P02520;Bondi;Felix;1860-1934
P02521;Siebeck;Werner;
P02522;Eisenhuth;Heinz Erich;1903-1983
P02523;Ruprecht;Gustav;
P02524;Brinkmann;;
P02525;Brinkmann;Albert Erich ;1881-1958
P02526;Fouquet;Jean;1420-1478 oder 1481
P02527;Poussin;Nicolas;1594-1665
P02528;Odysseus;;
P02529;Nausikaa;;
P02530;Unbekannt;Claus;
P02531;Weik;Unbekannt;
P02532;Hanker;Unbekannt;
P02533;Schmidt;Frau;
P02534;;Anna;
P02535;Kühn;;
P02536;Vogt;;
P02537;Philipps;Wilhelm;1859-1933
P02538;Förster;;
P02539;Schimmelmann;Adeline von;
P02540;Harz;;
P02541;Philister Kürstener;;
P02542;Philister Nell;;
P02543;Bartels;Johann Heinrich Christian Adolf;
P02544;Ohl;Otto;
P02545;Bormann;;
P02546;Greiner;;
P02547;Bredt;;
P02548;Warneck;Johannes;
P02549;Spicker;;
P02550;Schreiberle;;
P02551;Kuhlo;Johannes;